time,x,y,z
0.004,-0.02,0.08,0.01
0.005,-0.02,-0.02,0.03
0.005,-0.01,-0.09,0.01
0.020,-0.00,-0.13,0.01
0.021,-0.01,-0.16,0.01
0.022,-0.01,-0.16,0.03
0.023,-0.00,-0.12,0.01
0.029,-0.00,-0.08,0.02
0.032,-0.02,-0.03,0.02
0.042,-0.02,0.02,0.02
0.043,0.00,0.07,0.02
0.045,-0.01,0.10,0.02
0.064,0.00,0.11,0.01
0.066,0.00,0.08,0.02
0.067,-0.01,0.04,0.01
0.068,-0.01,0.01,0.02
0.069,-0.01,-0.03,0.01
0.074,-0.01,-0.09,0.02
0.077,-0.01,-0.08,0.02
0.081,-0.01,-0.08,-0.00
0.087,-0.02,-0.07,0.01
0.090,0.00,-0.01,0.01
0.094,-0.01,-0.02,0.02
0.099,-0.01,0.01,0.02
0.109,-0.02,0.05,0.00
0.112,-0.01,0.07,0.03
0.112,-0.01,0.04,0.01
0.134,-0.01,0.04,0.02
0.135,-0.01,0.02,0.01
0.136,-0.02,-0.01,0.02
0.137,-0.01,-0.03,0.01
0.138,-0.02,-0.04,0.02
0.139,-0.01,-0.05,0.01
0.142,-0.00,-0.04,0.01
0.148,0.00,-0.04,0.01
0.151,-0.02,-0.03,0.01
0.160,0.00,0.02,0.03
0.161,-0.01,0.00,0.01
0.165,-0.02,0.02,0.02
0.173,0.02,0.02,0.02
0.174,-0.00,0.00,0.00
0.178,-0.01,-0.00,0.00
0.183,-0.01,-0.01,0.02
0.188,-0.01,-0.02,0.01
0.192,-0.00,-0.04,0.03
0.195,-0.00,-0.01,0.00
0.200,-0.00,-0.03,0.02
0.209,0.01,-0.02,0.02
0.210,-0.02,-0.01,0.01
0.213,-0.00,0.01,0.01
0.227,-0.00,0.00,0.00
0.228,-0.00,0.01,0.00
0.228,-0.02,0.01,0.02
0.232,-0.01,0.00,0.01
0.242,-0.03,0.01,0.02
0.243,-0.02,-0.01,0.01
0.244,-0.01,-0.01,0.03
0.250,0.00,-0.02,0.01
0.261,-0.02,-0.02,0.02
0.262,0.01,-0.02,0.00
0.263,0.00,-0.02,0.00
0.266,-0.01,-0.01,0.02
0.272,0.00,0.01,0.03
0.275,-0.00,-0.00,0.01
0.279,-0.01,-0.01,0.02
0.283,-0.02,0.01,0.01
0.289,-0.01,-0.00,0.01
0.294,-0.01,-0.01,0.01
0.297,-0.00,-0.02,0.02
0.301,-0.03,-0.01,0.02
0.312,0.00,-0.02,0.01
0.313,-0.02,-0.01,0.01
0.315,-0.00,-0.01,0.02
0.323,-0.00,-0.03,0.01
0.326,-0.01,-0.01,0.01
0.327,-0.01,-0.00,0.01
0.332,-0.01,-0.00,0.01
0.338,-0.00,-0.01,0.01
0.341,-0.01,0.00,0.02
0.345,-0.01,-0.00,0.02
0.350,-0.00,-0.00,0.00
0.361,-0.01,-0.03,0.00
0.362,-0.02,-0.01,0.01
0.363,-0.02,-0.01,0.01
0.368,-0.01,-0.01,0.00
0.372,0.01,-0.02,0.02
0.377,-0.01,-0.01,0.01
0.381,-0.01,0.01,0.03
0.385,0.01,-0.04,0.01
0.390,0.01,0.00,0.02
0.396,-0.02,-0.00,0.00
0.401,-0.02,-0.02,0.00
0.411,0.00,-0.00,0.00
0.413,-0.02,0.00,0.01
0.413,-0.00,-0.00,-0.00
0.416,0.01,-0.01,0.01
0.422,-0.00,-0.00,0.01
0.427,-0.01,-0.01,0.01
0.430,-0.03,0.00,0.01
0.434,-0.01,-0.01,0.00
0.443,0.00,0.00,0.01
0.443,0.01,-0.03,0.01
0.451,-0.00,-0.00,0.01
0.452,-0.00,-0.01,0.01
0.462,-0.01,-0.01,0.00
0.463,-0.01,0.00,0.01
0.466,0.00,-0.01,0.01
0.477,-0.01,-0.01,0.01
0.478,-0.01,0.00,0.01
0.479,-0.02,-0.00,0.01
0.484,0.00,-0.02,0.01
0.489,-0.01,-0.01,0.00
0.492,-0.00,0.00,0.02
0.498,-0.01,-0.00,0.00
0.506,-0.00,-0.01,0.02
0.507,-0.01,-0.01,0.01
0.515,-0.03,-0.02,0.00
0.520,-0.00,-0.00,0.00
0.521,0.00,0.00,0.00
0.522,-0.01,-0.01,0.02
0.530,-0.01,-0.01,0.01
0.531,-0.00,-0.01,0.00
0.536,0.00,-0.02,0.02
0.540,0.02,-0.01,0.01
0.544,-0.02,-0.00,0.02
0.549,0.00,0.00,0.01
0.558,-0.00,-0.02,0.01
0.559,-0.01,-0.02,0.01
0.562,0.00,-0.01,0.01
0.569,-0.01,-0.01,-0.01
0.580,-0.01,-0.01,0.01
0.581,-0.01,0.00,0.00
0.582,-0.01,0.00,0.01
0.585,0.00,0.01,0.01
0.592,-0.00,-0.01,0.01
0.593,0.01,-0.02,0.01
0.602,-0.00,-0.00,0.00
0.605,0.00,-0.00,0.01
0.622,-0.01,-0.00,0.00
0.623,-0.02,0.00,0.01
0.624,-0.02,-0.02,0.01
0.626,-0.01,-0.01,0.00
0.627,0.01,-0.01,0.01
0.628,-0.02,-0.01,0.01
0.633,0.00,-0.01,0.02
0.641,-0.01,-0.01,-0.01
0.642,-0.02,-0.01,0.00
0.648,-0.00,-0.03,0.01
0.651,0.01,0.00,0.00
0.663,0.00,-0.04,0.01
0.664,0.01,0.00,0.00
0.666,0.00,-0.01,0.01
0.668,-0.01,-0.01,0.00
0.690,-0.01,0.00,0.02
0.691,-0.03,-0.00,-0.00
0.692,-0.02,-0.01,0.00
0.692,0.01,-0.04,0.01
0.695,-0.00,-0.01,0.00
0.696,-0.01,-0.01,0.00
0.700,-0.01,-0.03,-0.00
0.704,0.01,-0.01,0.00
0.715,-0.02,-0.01,0.01
0.716,-0.01,0.01,0.01
0.718,0.00,-0.00,0.00
0.728,-0.02,0.01,0.00
0.731,-0.01,0.00,0.01
0.732,-0.01,-0.00,0.00
0.736,-0.01,-0.00,-0.00
0.750,-0.01,-0.02,0.01
0.751,-0.01,-0.01,0.00
0.752,-0.00,-0.01,0.01
0.760,-0.01,0.01,0.01
0.761,-0.00,-0.00,0.00
0.763,-0.02,-0.00,0.01
0.766,-0.01,-0.01,0.00
0.770,-0.00,-0.01,-0.01
0.774,-0.01,0.01,0.00
0.778,-0.02,0.00,0.00
0.783,-0.01,-0.00,0.01
0.788,-0.00,-0.01,0.00
0.797,-0.02,0.00,0.01
0.798,-0.00,-0.02,-0.00
0.803,-0.02,-0.01,-0.00
0.810,-0.00,0.00,-0.00
0.814,-0.01,-0.01,0.01
0.821,-0.01,-0.01,-0.00
0.823,-0.02,-0.01,0.00
0.823,-0.01,-0.01,-0.00
0.828,-0.02,0.01,0.00
0.832,-0.01,-0.00,0.01
0.838,0.00,-0.01,-0.00
0.847,-0.02,0.00,-0.02
0.848,-0.03,-0.02,0.00
0.849,-0.01,-0.01,-0.00
0.855,-0.01,-0.01,0.02
0.861,-0.01,-0.02,0.01
0.863,-0.00,-0.01,0.01
0.871,-0.01,-0.01,-0.01
0.872,-0.02,0.01,-0.01
0.877,-0.02,0.01,0.01
0.890,-0.00,-0.01,-0.00
0.891,-0.02,0.01,0.01
0.892,0.01,-0.02,-0.00
0.908,0.01,-0.01,-0.01
0.909,0.00,-0.01,0.01
0.910,-0.01,-0.00,-0.01
0.913,-0.01,-0.01,0.00
0.913,-0.01,-0.01,-0.01
0.917,-0.01,-0.01,-0.01
0.924,0.01,-0.00,0.00
0.928,-0.00,-0.00,0.01
0.929,-0.01,-0.00,0.00
0.943,0.00,-0.01,0.00
0.944,-0.00,0.00,0.00
0.945,0.00,-0.00,0.01
0.948,-0.02,-0.01,0.00
0.951,-0.01,-0.00,0.00
0.987,0.00,-0.02,0.00
0.988,-0.00,-0.01,0.02
0.989,-0.01,-0.01,0.01
0.989,-0.01,-0.01,0.00
0.990,-0.02,-0.00,-0.01
0.996,-0.01,-0.02,0.01
1.005,-0.00,-0.01,0.01
1.006,-0.02,-0.01,-0.00
1.015,-0.01,-0.02,-0.00
1.022,-0.01,0.02,0.00
1.023,-0.00,-0.03,0.01
1.023,0.01,-0.00,0.01
1.028,-0.01,0.01,-0.00
1.029,-0.02,-0.01,-0.00
1.029,-0.00,0.00,0.01
1.030,0.00,-0.03,-0.01
1.031,-0.00,-0.01,0.00
1.032,-0.00,0.00,0.01
1.035,-0.00,-0.01,0.00
1.041,-0.00,-0.01,0.01
1.058,-0.01,-0.01,0.00
1.066,-0.04,-0.02,-0.01
1.067,0.01,0.01,-0.00
1.067,0.01,-0.02,-0.00
1.068,-0.01,-0.02,0.00
1.069,-0.01,0.00,0.01
1.071,0.00,-0.01,0.00
1.079,-0.02,0.01,0.00
1.080,-0.01,0.00,0.00
1.084,-0.01,-0.01,0.01
1.088,-0.00,-0.01,0.00
1.106,0.00,0.00,0.00
1.108,-0.01,-0.02,-0.01
1.109,0.00,-0.01,-0.01
1.110,-0.03,0.01,0.00
1.111,-0.01,-0.02,-0.00
1.114,0.00,-0.01,0.01
1.120,-0.00,-0.03,-0.01
1.133,-0.04,-0.01,-0.00
1.140,0.00,-0.02,-0.00
1.141,-0.01,-0.00,0.00
1.142,0.00,-0.01,0.00
1.143,-0.02,-0.01,-0.00
1.148,0.01,-0.01,-0.01
1.151,0.00,-0.01,0.01
1.156,0.00,0.00,0.01
1.168,0.01,0.01,0.00
1.169,-0.00,-0.01,-0.01
1.170,-0.01,-0.00,0.01
1.175,0.00,-0.02,-0.00
1.181,-0.00,0.00,0.01
1.182,-0.01,-0.00,-0.00
1.185,-0.00,-0.01,-0.01
1.197,-0.01,-0.00,-0.00
1.198,-0.01,-0.01,-0.01
1.198,0.00,-0.01,-0.01
1.205,-0.01,-0.01,0.00
1.219,-0.01,0.00,0.01
1.224,0.00,-0.00,0.00
1.225,-0.00,-0.01,-0.00
1.226,0.01,-0.00,0.00
1.227,-0.01,-0.01,-0.00
1.231,0.00,0.00,0.01
1.235,-0.01,-0.02,0.00
1.238,-0.01,0.01,-0.00
1.247,0.00,-0.01,-0.00
1.248,-0.01,-0.01,0.01
1.252,-0.00,0.01,-0.00
1.257,-0.02,-0.02,0.01
1.269,-0.01,-0.01,-0.01
1.271,-0.02,0.00,-0.01
1.271,0.00,0.00,0.01
1.274,-0.02,0.00,-0.00
1.286,-0.02,-0.01,0.00
1.287,-0.00,-0.01,-0.00
1.288,0.01,-0.01,0.00
1.296,-0.02,-0.03,-0.01
1.297,-0.00,-0.02,-0.01
1.300,-0.00,-0.00,0.00
1.305,-0.00,-0.02,-0.02
1.316,-0.01,-0.01,-0.00
1.317,-0.00,0.01,-0.00
1.319,-0.01,-0.01,0.01
1.334,-0.02,0.00,-0.00
1.334,-0.00,-0.02,0.01
1.336,-0.02,-0.01,-0.00
1.336,0.01,0.00,0.01
1.342,0.01,-0.00,0.01
1.344,-0.01,-0.02,0.00
1.350,-0.01,-0.01,-0.01
1.354,-0.02,-0.02,-0.01
1.366,0.01,-0.03,0.00
1.367,-0.01,-0.01,-0.01
1.369,-0.03,-0.01,-0.00
1.372,-0.01,-0.01,-0.01
1.380,-0.02,0.01,-0.00
1.381,-0.01,0.01,0.00
1.385,-0.01,-0.01,0.00
1.390,0.00,-0.01,0.01
1.403,-0.01,-0.01,-0.00
1.404,0.00,-0.03,0.00
1.405,0.00,-0.02,-0.01
1.408,-0.00,-0.01,0.01
1.415,-0.01,-0.01,-0.00
1.416,-0.01,-0.00,-0.01
1.422,-0.00,-0.00,0.00
1.424,-0.01,-0.02,0.01
1.429,-0.01,-0.00,0.00
1.433,-0.00,-0.01,0.00
1.438,0.00,-0.01,0.00
1.450,-0.03,-0.01,-0.01
1.451,-0.02,-0.01,-0.00
1.453,-0.01,-0.01,0.00
1.455,-0.01,-0.00,-0.01
1.468,-0.01,0.00,-0.01
1.470,-0.01,-0.00,0.00
1.470,-0.00,-0.01,-0.01
1.475,-0.03,-0.00,-0.00
1.479,-0.01,0.00,-0.01
1.481,0.00,0.01,0.01
1.486,-0.01,0.01,0.00
1.492,0.00,-0.01,-0.01
1.505,-0.01,0.01,-0.01
1.507,-0.01,0.00,-0.00
1.508,-0.01,-0.00,-0.00
1.509,-0.00,-0.01,-0.01
1.524,-0.01,0.00,0.01
1.526,-0.00,-0.01,-0.00
1.527,-0.01,0.00,-0.00
1.528,-0.02,0.01,-0.01
1.540,-0.01,0.00,0.01
1.543,-0.01,-0.01,0.00
1.544,0.00,-0.01,-0.01
1.546,-0.02,-0.01,0.01
1.548,-0.01,-0.01,0.00
1.552,-0.03,-0.02,-0.01
1.557,-0.01,-0.00,-0.01
1.564,-0.00,0.00,0.01
1.566,-0.00,-0.01,0.01
1.570,-0.01,-0.00,-0.01
1.574,-0.03,0.00,-0.01
1.580,-0.03,-0.00,-0.00
1.583,-0.00,-0.01,-0.01
1.588,0.01,0.01,-0.01
1.592,0.00,-0.01,0.02
1.606,0.01,-0.01,-0.01
1.607,-0.00,-0.01,-0.00
1.608,-0.01,-0.01,-0.02
1.615,0.01,-0.00,-0.00
1.617,0.00,-0.00,-0.01
1.618,0.01,0.01,-0.01
1.625,-0.01,-0.01,-0.00
1.638,-0.00,-0.02,-0.00
1.642,0.01,-0.01,-0.00
1.645,-0.01,-0.00,-0.00
1.645,-0.01,0.00,-0.01
1.646,-0.01,-0.01,-0.00
1.651,-0.00,0.00,-0.00
1.654,-0.01,-0.01,-0.00
1.658,-0.01,0.01,-0.01
1.664,-0.01,-0.01,0.01
1.668,-0.02,-0.01,-0.00
1.672,-0.01,0.00,-0.02
1.676,-0.04,0.00,-0.01
1.681,-0.02,-0.00,-0.00
1.685,-0.01,-0.01,0.01
1.689,-0.01,-0.01,0.01
1.694,-0.01,-0.02,-0.01
1.702,-0.01,-0.02,0.00
1.705,0.01,-0.01,-0.01
1.706,-0.01,-0.01,0.01
1.719,0.00,0.01,-0.01
1.721,-0.02,-0.01,0.00
1.721,-0.02,-0.01,-0.00
1.726,-0.01,0.00,0.00
1.731,-0.01,-0.02,0.00
1.734,-0.00,-0.01,-0.01
1.739,-0.01,-0.01,0.00
1.742,0.01,-0.01,-0.00
1.753,0.01,-0.00,0.01
1.754,0.01,-0.01,0.02
1.756,-0.00,0.00,-0.00
1.760,0.00,0.01,-0.01
1.768,-0.01,-0.01,0.00
1.777,-0.02,-0.01,0.01
1.778,-0.00,0.01,0.00
1.779,-0.01,0.00,0.01
1.782,-0.01,0.00,-0.01
1.786,-0.02,0.00,-0.00
1.791,-0.01,-0.01,-0.01
1.798,0.00,0.01,0.01
1.800,-0.00,-0.01,-0.02
1.805,-0.01,-0.01,-0.00
1.810,-0.02,-0.00,0.01
1.824,-0.01,-0.01,0.01
1.827,-0.01,0.00,0.00
1.829,-0.00,-0.01,-0.01
1.830,-0.01,0.01,-0.01
1.831,-0.01,-0.01,-0.01
1.835,-0.02,-0.02,-0.00
1.841,0.00,0.01,-0.00
1.855,-0.00,-0.00,0.00
1.861,-0.01,-0.00,0.01
1.862,-0.02,0.00,-0.00
1.863,-0.00,-0.03,-0.00
1.864,-0.00,-0.01,0.01
1.877,-0.01,0.00,-0.01
1.878,0.00,-0.01,-0.01
1.879,0.00,-0.01,0.00
1.880,-0.03,0.00,-0.01
1.885,-0.01,0.00,0.00
1.889,-0.02,0.01,-0.01
1.893,-0.00,-0.02,-0.01
1.903,-0.03,-0.01,-0.01
1.904,-0.01,-0.01,-0.00
1.909,-0.03,0.01,-0.00
1.911,0.02,0.01,-0.01
1.920,-0.00,0.01,-0.01
1.921,-0.00,0.00,0.00
1.924,0.00,-0.02,0.00
1.929,-0.03,-0.01,0.01
1.934,0.01,-0.02,-0.01
1.937,-0.00,-0.01,0.01
1.942,-0.01,-0.01,-0.01
1.953,-0.01,-0.03,-0.01
1.955,-0.01,-0.01,0.01
1.958,-0.00,-0.01,-0.00
1.959,-0.00,0.00,-0.01
1.973,-0.00,-0.00,0.00
1.974,-0.01,-0.01,0.00
1.976,-0.01,-0.01,-0.00
1.978,-0.01,-0.00,0.01
1.983,0.01,-0.01,0.00
1.986,-0.02,-0.01,0.01
1.991,0.00,-0.01,-0.01
1.994,-0.01,0.00,0.00
2.003,0.01,-0.01,-0.00
2.006,-0.01,-0.02,0.01
2.008,-0.01,-0.01,-0.01
2.023,0.00,-0.01,0.00
2.024,-0.01,0.00,0.00
2.025,-0.02,-0.00,0.00
2.026,-0.00,-0.01,-0.00
2.030,0.01,-0.00,0.00
2.035,-0.00,-0.02,-0.01
2.040,-0.01,0.00,-0.01
2.043,0.00,0.01,-0.00
2.059,-0.00,-0.02,0.00
2.066,-0.01,-0.00,-0.01
2.066,0.00,0.00,0.01
2.067,-0.00,-0.01,-0.01
2.068,0.01,-0.02,-0.01
2.069,-0.00,-0.01,0.01
2.075,-0.00,-0.01,-0.01
2.078,0.00,-0.01,0.01
2.092,0.00,-0.00,0.00
2.095,0.01,-0.00,0.00
2.096,-0.00,-0.01,-0.01
2.097,-0.02,-0.01,0.00
2.108,-0.00,0.00,0.00
2.112,0.00,-0.01,0.00
2.113,-0.01,0.00,-0.00
2.114,0.00,0.01,0.01
2.118,0.00,-0.00,-0.00
2.123,-0.01,0.00,0.01
2.130,-0.00,-0.01,0.00
2.144,-0.02,-0.01,-0.00
2.145,-0.01,-0.02,-0.00
2.146,-0.00,-0.01,-0.01
2.147,-0.01,0.00,-0.01
2.149,-0.00,-0.00,-0.01
2.158,-0.01,-0.01,-0.01
2.162,-0.02,-0.01,-0.00
2.165,-0.01,-0.01,-0.01
2.167,-0.01,-0.00,0.00
2.172,-0.00,-0.00,-0.00
2.175,-0.02,-0.01,-0.00
2.188,-0.01,-0.01,0.00
2.190,0.00,0.01,-0.00
2.197,0.01,-0.00,-0.00
2.199,-0.02,0.01,-0.01
2.200,0.00,-0.01,-0.01
2.204,-0.02,-0.01,0.01
2.219,-0.03,-0.02,-0.00
2.221,-0.01,-0.01,0.00
2.222,-0.01,-0.01,0.01
2.237,-0.01,0.01,-0.00
2.238,-0.01,0.00,-0.00
2.238,-0.01,-0.01,-0.01
2.239,-0.02,0.00,0.01
2.240,0.01,0.00,-0.01
2.244,-0.02,-0.01,-0.00
2.246,-0.01,-0.01,0.01
2.262,-0.00,-0.00,0.01
2.267,-0.02,0.01,-0.01
2.269,-0.01,-0.01,-0.01
2.270,-0.01,-0.00,-0.01
2.271,-0.02,-0.00,-0.01
2.274,-0.00,-0.00,-0.01
2.278,-0.00,-0.01,0.02
2.283,0.00,-0.01,0.01
2.288,-0.03,0.00,0.01
2.290,-0.02,-0.00,0.00
2.295,0.01,-0.02,0.00
2.309,-0.01,-0.01,0.01
2.314,0.01,-0.01,-0.01
2.315,0.00,0.00,0.00
2.315,-0.01,-0.01,0.01
2.319,-0.02,-0.00,-0.00
2.322,-0.01,-0.01,0.01
2.326,0.00,-0.00,0.01
2.330,-0.02,-0.01,-0.01
2.335,-0.02,-0.01,0.00
2.340,-0.01,-0.01,-0.01
2.344,-0.02,-0.02,0.00
2.348,0.01,0.00,-0.00
2.361,-0.01,-0.01,-0.00
2.362,-0.01,-0.01,0.00
2.363,-0.01,-0.01,-0.01
2.374,-0.00,-0.01,0.01
2.379,-0.00,-0.01,-0.00
2.381,-0.02,-0.01,-0.00
2.381,0.00,-0.02,-0.01
2.386,-0.00,-0.01,-0.01
2.388,-0.02,-0.00,0.00
2.393,-0.01,-0.00,-0.01
2.396,-0.01,-0.01,-0.00
2.402,-0.01,0.00,-0.02
2.405,-0.01,-0.02,0.00
2.410,-0.02,-0.01,0.02
2.415,-0.01,-0.01,-0.01
2.430,-0.00,-0.02,-0.00
2.431,-0.01,-0.01,-0.00
2.432,-0.01,-0.02,-0.00
2.433,-0.01,0.00,0.01
2.442,-0.00,-0.01,-0.00
2.443,-0.01,0.00,0.00
2.447,-0.01,0.00,-0.00
2.462,-0.01,0.01,0.00
2.463,-0.00,-0.02,-0.01
2.464,-0.01,-0.00,0.01
2.465,-0.02,0.01,0.00
2.467,-0.01,-0.01,0.01
2.475,-0.01,0.00,0.00
2.480,-0.00,-0.02,-0.00
2.485,-0.00,0.01,0.00
2.486,-0.02,0.00,0.00
2.490,0.00,0.00,0.00
2.494,-0.01,-0.03,0.01
2.499,-0.02,0.01,0.00
2.505,-0.00,-0.02,0.00
2.507,0.00,-0.01,0.00
2.512,0.00,0.01,-0.01
2.515,-0.00,-0.01,-0.01
2.532,0.00,-0.00,-0.00
2.534,0.00,-0.01,0.00
2.534,-0.00,-0.02,0.01
2.535,0.01,0.01,0.01
2.538,-0.01,-0.00,0.00
2.543,0.01,-0.01,0.00
2.548,0.01,0.01,-0.01
2.553,0.00,-0.00,0.00
2.556,-0.00,0.00,-0.01
2.560,-0.01,0.00,-0.00
2.565,0.01,-0.01,0.00
2.580,-0.01,0.00,-0.02
2.584,0.00,-0.00,-0.00
2.585,-0.01,-0.00,0.00
2.586,0.01,0.01,-0.01
2.587,-0.00,-0.01,-0.00
2.591,-0.02,0.00,-0.01
2.596,0.00,-0.01,0.00
2.600,-0.02,0.01,0.01
2.616,0.01,-0.01,-0.01
2.617,-0.00,0.01,-0.00
2.618,0.00,-0.01,-0.00
2.619,-0.01,-0.02,0.00
2.627,-0.01,-0.01,0.01
2.628,-0.01,0.01,0.00
2.632,-0.01,-0.01,0.00
2.636,-0.03,0.01,-0.02
2.641,-0.00,-0.00,-0.01
2.645,-0.00,0.00,-0.01
2.653,-0.00,-0.00,0.00
2.654,-0.00,-0.02,-0.00
2.658,-0.02,0.02,0.01
2.662,-0.01,-0.00,0.00
2.679,0.00,-0.02,-0.02
2.680,-0.00,0.00,0.00
2.688,-0.00,0.00,0.01
2.691,0.01,0.01,-0.01
2.691,0.02,0.00,-0.02
2.692,-0.01,-0.00,-0.01
2.693,-0.00,0.00,-0.00
2.699,-0.00,0.01,-0.01
2.705,0.01,0.01,0.00
2.707,0.00,-0.00,-0.00
2.712,0.01,0.02,-0.00
2.726,-0.01,-0.00,-0.01
2.727,0.02,0.00,0.00
2.728,-0.00,0.01,0.00
2.735,0.00,0.00,-0.01
2.736,0.01,0.01,0.00
2.737,-0.00,0.02,-0.00
2.747,0.00,-0.00,0.00
2.750,-0.00,-0.00,-0.00
2.751,-0.00,0.00,0.01
2.757,0.01,-0.00,0.00
2.759,-0.00,0.01,-0.00
2.764,-0.01,0.00,0.01
2.768,0.01,-0.00,-0.00
2.786,-0.02,0.01,0.00
2.788,0.01,0.00,-0.01
2.792,0.00,0.01,0.00
2.793,0.00,0.00,0.00
2.795,-0.01,-0.00,-0.01
2.795,-0.01,0.01,0.00
2.800,0.01,0.00,-0.01
2.804,0.00,0.00,0.01
2.808,-0.00,-0.00,-0.01
2.812,0.00,0.01,0.00
2.821,0.01,0.03,-0.01
2.822,-0.00,0.01,0.01
2.825,-0.00,0.00,-0.01
2.830,-0.00,0.00,-0.01
2.835,0.02,0.00,-0.00
2.843,0.01,0.01,-0.01
2.847,0.01,-0.00,-0.00
2.848,-0.01,0.00,0.00
2.862,0.01,-0.01,-0.00
2.863,-0.00,0.00,0.01
2.863,-0.01,0.00,0.00
2.867,-0.00,0.01,-0.01
2.883,0.01,-0.00,-0.01
2.885,0.01,0.01,-0.00
2.886,0.02,0.01,-0.00
2.887,0.00,-0.02,0.00
2.889,-0.00,0.00,0.00
2.892,0.01,0.01,-0.00
2.897,-0.00,0.00,0.01
2.901,-0.01,0.01,0.00
2.908,0.00,-0.02,0.01
2.917,0.01,0.01,-0.00
2.918,-0.01,0.01,0.00
2.920,-0.00,0.00,-0.00
2.928,0.00,-0.00,0.00
2.929,0.01,0.00,0.00
2.933,-0.01,0.01,-0.00
2.938,0.01,0.01,-0.01
2.941,-0.00,-0.01,-0.00
2.945,0.00,0.00,-0.00
2.951,0.01,0.02,0.01
2.957,0.02,0.00,-0.01
2.958,-0.01,-0.00,0.02
2.964,0.01,0.01,-0.01
2.969,0.00,0.00,0.00
3.005,-0.01,-0.00,0.01
3.010,-0.01,-0.01,-0.00
3.012,0.00,-0.00,0.01
3.013,0.01,-0.00,-0.01
3.017,0.00,0.01,-0.01
3.018,-0.01,-0.01,0.01
3.032,-0.00,0.01,-0.00
3.033,-0.02,0.01,0.01
3.035,-0.01,0.01,0.01
3.036,-0.00,0.04,-0.00
3.038,0.01,0.01,0.01
3.039,0.00,-0.02,-0.01
3.041,-0.03,-0.02,-0.01
3.042,-0.01,-0.04,-0.00
3.043,0.01,-0.05,-0.01
3.043,0.01,-0.07,0.01
3.045,0.03,-0.06,-0.01
3.058,0.01,-0.06,-0.03
3.060,0.04,-0.01,-0.03
3.061,0.05,0.04,-0.02
3.062,0.06,0.04,-0.04
3.068,0.06,0.10,-0.03
3.125,0.08,0.06,-0.03
3.128,0.06,-0.03,-0.03
3.130,0.04,-0.08,-0.04
3.131,-0.00,-0.07,-0.02
3.132,0.01,-0.06,-0.01
3.139,0.02,-0.01,-0.00
3.140,0.00,0.02,-0.00
3.140,0.01,0.04,0.01
3.141,-0.03,0.07,0.01
3.142,-0.06,0.06,0.01
3.142,-0.09,0.09,0.03
3.143,-0.11,0.10,0.01
3.144,-0.09,0.14,0.02
3.145,-0.07,0.17,0.02
3.145,-0.03,0.16,0.02
3.146,-0.04,0.16,0.02
3.147,-0.16,0.10,0.01
3.148,-0.05,0.08,-0.00
3.148,0.07,0.09,-0.00
3.154,-0.02,0.03,-0.00
3.157,-0.02,-0.03,0.01
3.161,0.06,-0.06,0.02
3.166,0.04,-0.04,0.03
3.185,0.06,-0.02,0.04
3.186,0.06,0.00,0.04
3.187,0.03,0.03,0.05
3.188,0.07,0.12,0.04
3.189,0.13,0.17,0.04
3.195,0.17,0.11,0.06
3.197,0.09,0.06,0.06
3.202,0.06,0.07,0.04
3.213,0.10,0.04,0.04
3.214,0.13,0.03,0.04
3.216,0.07,0.01,0.04
3.219,0.03,0.03,0.02
3.235,-0.01,0.05,0.00
3.239,0.03,0.09,0.02
3.240,0.06,0.04,0.03
3.241,-0.03,-0.03,0.01
3.242,-0.09,-0.08,0.00
3.247,-0.06,-0.17,-0.01
3.252,-0.02,-0.21,-0.03
3.273,-0.02,-0.21,-0.03
3.274,-0.05,-0.15,-0.04
3.275,0.02,-0.18,-0.04
3.276,0.02,-0.17,-0.03
3.278,-0.06,-0.14,-0.05
3.279,-0.11,-0.07,-0.06
3.280,-0.02,0.02,-0.06
3.286,0.03,0.07,-0.08
3.293,0.03,0.10,-0.08
3.295,0.01,0.11,-0.09
3.298,0.00,0.07,-0.10
3.303,-0.00,0.08,-0.12
3.317,0.03,0.08,-0.12
3.318,0.04,0.05,-0.13
3.320,0.05,-0.02,-0.13
3.321,0.00,-0.05,-0.13
3.335,-0.00,-0.03,-0.15
3.339,0.01,0.00,-0.16
3.340,0.01,0.04,-0.16
3.341,0.03,0.06,-0.15
3.343,0.05,0.07,-0.17
3.348,0.02,0.06,-0.16
3.353,-0.04,0.09,-0.16
3.375,-0.00,0.08,-0.17
3.376,-0.01,0.05,-0.15
3.378,-0.01,0.03,-0.14
3.378,-0.03,0.02,-0.14
3.379,-0.03,0.01,-0.14
3.380,-0.01,0.01,-0.14
3.384,0.00,-0.01,-0.14
3.387,0.00,0.01,-0.13
3.395,0.00,-0.01,-0.11
3.396,-0.02,-0.02,-0.12
3.401,-0.06,0.00,-0.12
3.404,-0.03,0.00,-0.11
3.413,0.02,0.03,-0.09
3.415,0.02,0.03,-0.10
3.422,-0.02,0.02,-0.10
3.423,-0.05,0.03,-0.10
3.434,-0.02,0.00,-0.12
3.438,0.02,0.01,-0.13
3.441,0.00,-0.01,-0.12
3.442,-0.01,-0.04,-0.12
3.447,0.01,-0.04,-0.12
3.448,-0.00,-0.04,-0.13
3.455,0.01,-0.02,-0.12
3.465,0.02,0.01,-0.14
3.466,0.01,-0.00,-0.14
3.468,0.02,0.01,-0.12
3.476,0.03,0.02,-0.12
3.477,0.04,0.03,-0.12
3.489,0.03,0.01,-0.12
3.490,0.02,0.03,-0.11
3.491,0.04,0.03,-0.10
3.493,0.06,0.03,-0.11
3.497,0.05,-0.01,-0.09
3.502,0.03,0.00,-0.08
3.509,-0.00,-0.01,-0.08
3.513,0.02,-0.03,-0.06
3.515,-0.02,-0.00,-0.07
3.522,-0.00,-0.02,-0.07
3.541,-0.04,-0.06,-0.06
3.546,-0.00,-0.06,-0.07
3.557,-0.03,-0.05,-0.06
3.557,-0.01,-0.05,-0.05
3.558,-0.02,-0.04,-0.08
3.560,-0.01,-0.02,-0.06
3.562,0.02,0.01,-0.06
3.563,0.01,0.06,-0.05
3.565,0.01,0.07,-0.06
3.566,0.01,0.10,-0.04
3.570,0.02,0.10,-0.05
3.572,0.01,0.09,-0.03
3.589,0.01,0.08,-0.03
3.600,-0.01,0.06,-0.02
3.601,0.01,0.01,-0.02
3.601,0.01,0.00,-0.02
3.602,0.00,-0.04,0.00
3.603,0.02,-0.07,-0.01
3.604,0.01,-0.07,-0.01
3.613,-0.01,-0.10,0.01
3.614,-0.00,-0.09,-0.00
3.616,0.02,-0.06,0.01
3.622,0.03,-0.07,0.01
3.639,0.01,-0.05,0.00
3.640,0.02,-0.04,-0.00
3.641,0.02,-0.04,0.00
3.642,0.03,-0.04,-0.01
3.643,0.01,-0.06,-0.01
3.650,0.02,-0.06,-0.01
3.653,0.01,-0.05,-0.00
3.656,0.04,-0.02,-0.02
3.674,0.01,-0.05,-0.02
3.675,0.03,-0.02,-0.01
3.675,0.04,-0.02,-0.02
3.676,0.02,0.03,-0.02
3.678,0.02,0.06,-0.03
3.683,0.00,0.06,-0.04
3.690,0.01,0.08,-0.03
3.694,0.01,0.10,-0.04
3.696,-0.01,0.08,-0.05
3.702,0.01,0.06,-0.05
3.707,0.01,0.04,-0.04
3.711,-0.00,0.01,-0.03
3.714,0.02,-0.04,-0.04
3.720,0.02,-0.07,-0.04
3.723,0.01,-0.13,-0.04
3.731,0.03,-0.10,-0.04
3.734,0.03,-0.09,-0.04
3.739,0.03,-0.08,-0.04
3.740,0.01,-0.04,-0.04
3.745,0.03,0.01,-0.04
3.756,0.02,0.04,-0.03
3.759,0.03,0.05,-0.03
3.760,0.03,0.08,-0.02
3.768,0.01,0.07,-0.02
3.769,0.03,0.05,-0.00
3.773,-0.00,0.04,0.01
3.786,0.01,-0.01,0.03
3.787,0.01,-0.03,0.03
3.788,0.00,-0.05,0.06
3.791,0.01,-0.07,0.06
3.803,-0.00,-0.05,0.08
3.804,0.00,-0.04,0.10
3.805,-0.02,-0.02,0.10
3.808,-0.01,-0.01,0.12
3.831,-0.01,-0.00,0.12
3.832,-0.01,-0.01,0.13
3.833,-0.01,0.01,0.13
3.833,-0.00,-0.00,0.11
3.834,-0.01,-0.02,0.09
3.836,-0.01,-0.02,0.09
3.837,-0.02,-0.02,0.10
3.846,-0.01,-0.02,0.08
3.848,-0.02,-0.02,0.06
3.851,-0.03,-0.02,0.04
3.856,-0.02,-0.02,0.03
3.875,-0.02,-0.01,0.01
3.876,-0.03,0.01,-0.00
3.881,-0.02,0.03,-0.03
3.882,-0.01,0.01,-0.05
3.883,-0.02,0.00,-0.09
3.885,-0.03,0.01,-0.08
3.886,-0.03,0.02,-0.10
3.892,-0.02,-0.01,-0.13
3.897,-0.01,-0.01,-0.14
3.900,-0.03,-0.01,-0.17
3.904,-0.01,-0.00,-0.19
3.911,0.00,0.01,-0.22
3.914,0.01,0.02,-0.24
3.917,0.01,0.02,-0.27
3.922,0.01,0.03,-0.30
3.937,-0.01,0.07,-0.32
3.938,-0.00,0.07,-0.34
3.938,-0.00,0.11,-0.37
3.947,-0.00,0.12,-0.39
3.949,-0.01,0.11,-0.42
3.950,-0.01,0.10,-0.45
3.964,-0.03,0.09,-0.47
3.967,-0.01,0.09,-0.49
3.968,0.00,0.06,-0.51
3.968,0.00,0.04,-0.52
3.971,-0.01,0.02,-0.54
3.979,0.01,-0.01,-0.55
3.980,0.00,-0.03,-0.55
4.002,0.03,-0.05,-0.55
4.004,-0.00,-0.03,-0.54
4.005,0.03,-0.04,-0.55
4.006,0.01,-0.03,-0.53
4.008,0.03,-0.02,-0.53
4.009,0.01,-0.00,-0.53
4.010,0.00,0.01,-0.50
4.016,0.01,0.02,-0.49
4.018,0.00,0.04,-0.48
4.024,0.01,0.04,-0.47
4.040,-0.02,0.03,-0.47
4.041,-0.01,0.01,-0.45
4.042,0.00,-0.00,-0.43
4.043,0.00,-0.02,-0.42
4.054,0.00,-0.03,-0.40
4.057,-0.01,-0.03,-0.40
4.061,0.00,-0.03,-0.37
4.062,0.00,-0.01,-0.36
4.063,0.01,-0.02,-0.35
4.082,-0.00,-0.00,-0.35
4.084,0.00,-0.00,-0.34
4.085,0.00,-0.01,-0.34
4.086,-0.00,-0.01,-0.34
4.086,-0.01,-0.03,-0.34
4.091,-0.01,-0.04,-0.33
4.094,0.02,-0.05,-0.34
4.099,0.00,-0.07,-0.34
4.105,0.02,-0.03,-0.35
4.108,0.01,-0.04,-0.35
4.125,-0.01,-0.04,-0.34
4.126,-0.01,-0.02,-0.36
4.127,0.02,-0.02,-0.37
4.128,0.02,-0.01,-0.39
4.131,0.02,-0.01,-0.40
4.136,0.02,0.02,-0.41
4.138,0.01,0.02,-0.43
4.148,0.01,-0.01,-0.45
4.149,0.01,0.01,-0.48
4.151,-0.01,-0.01,-0.50
4.156,0.00,-0.02,-0.52
4.164,-0.01,-0.02,-0.56
4.165,0.02,-0.03,-0.59
4.169,0.01,-0.03,-0.62
4.174,0.02,-0.04,-0.66
4.196,0.02,-0.05,-0.69
4.199,0.01,-0.03,-0.71
4.200,0.00,-0.02,-0.75
4.201,-0.00,-0.01,-0.79
4.202,0.01,-0.01,-0.81
4.204,0.01,-0.01,-0.86
4.205,0.02,-0.00,-0.91
4.209,-0.02,-0.01,-0.93
4.215,-0.00,0.02,-0.97
4.217,0.01,0.01,-0.99
4.223,0.02,0.01,-1.05
4.227,0.01,0.01,-1.09
4.237,0.02,0.01,-1.12
4.242,-0.00,0.01,-1.16
4.243,0.01,-0.01,-1.20
4.245,-0.01,-0.00,-1.24
4.250,0.00,-0.02,-1.28
4.254,-0.01,-0.03,-1.31
4.258,-0.01,-0.01,-1.34
4.268,-0.02,0.00,-1.38
4.271,-0.00,-0.01,-1.43
4.272,0.01,-0.01,-1.45
4.277,-0.02,0.00,-1.49
4.292,0.00,-0.02,-1.51
4.295,-0.00,-0.01,-1.57
4.296,0.01,-0.02,-1.60
4.298,-0.02,-0.03,-1.65
4.299,-0.01,-0.02,-1.67
4.304,-0.01,-0.04,-1.73
4.306,0.01,-0.02,-1.76
4.311,-0.01,-0.02,-1.80
4.319,-0.01,-0.02,-1.83
4.320,-0.01,-0.01,-1.88
4.324,-0.00,-0.02,-1.91
4.328,-0.01,0.01,-1.95
4.346,0.00,0.00,-1.98
4.347,-0.01,0.00,-2.01
4.348,-0.01,0.00,-2.06
4.349,0.00,0.02,-2.10
4.350,-0.00,-0.01,-2.12
4.356,-0.01,-0.02,-2.15
4.359,-0.01,-0.00,-2.19
4.365,-0.00,-0.02,-2.21
4.368,-0.01,-0.03,-2.25
4.373,-0.01,-0.04,-2.27
4.377,-0.02,-0.03,-2.30
4.390,-0.01,-0.03,-2.35
4.391,-0.01,-0.02,-2.37
4.392,0.00,-0.00,-2.39
4.395,-0.02,-0.01,-2.43
4.401,-0.02,0.01,-2.44
4.405,-0.01,0.01,-2.45
4.411,-0.00,0.01,-2.47
4.412,-0.01,0.00,-2.51
4.417,-0.02,-0.02,-2.52
4.422,-0.01,-0.01,-2.55
4.428,-0.00,-0.05,-2.56
4.436,-0.01,-0.04,-2.59
4.437,-0.01,-0.04,-2.60
4.441,-0.04,-0.03,-2.63
4.445,-0.03,-0.04,-2.65
4.452,-0.02,-0.03,-2.66
4.453,-0.01,-0.02,-2.69
4.457,-0.01,-0.02,-2.70
4.465,-0.01,-0.00,-2.71
4.467,-0.02,0.03,-2.72
4.470,-0.03,0.02,-2.75
4.475,-0.01,0.03,-2.77
4.479,-0.01,-0.00,-2.78
4.494,-0.02,0.03,-2.79
4.495,-0.01,-0.01,-2.80
4.496,-0.03,-0.02,-2.82
4.503,-0.01,-0.01,-2.81
4.507,-0.01,-0.01,-2.83
4.508,-0.02,-0.02,-2.83
4.510,-0.01,-0.03,-2.83
4.518,-0.03,-0.01,-2.83
4.520,-0.03,-0.00,-2.84
4.522,-0.04,0.01,-2.85
4.528,-0.02,0.01,-2.83
4.541,-0.02,0.02,-2.84
4.543,-0.03,0.01,-2.83
4.544,-0.01,0.00,-2.82
4.546,-0.03,-0.02,-2.83
4.557,-0.02,-0.02,-2.83
4.558,-0.05,-0.04,-2.82
4.559,-0.02,-0.06,-2.81
4.564,-0.01,-0.08,-2.80
4.569,-0.03,-0.09,-2.80
4.572,-0.05,-0.08,-2.78
4.576,-0.05,-0.07,-2.78
4.581,-0.02,-0.06,-2.76
4.586,-0.02,-0.05,-2.73
4.589,-0.03,-0.02,-2.72
4.603,-0.02,-0.01,-2.70
4.611,-0.03,0.02,-2.67
4.612,-0.03,0.02,-2.65
4.612,-0.02,-0.00,-2.62
4.613,-0.02,-0.02,-2.58
4.623,-0.01,-0.01,-2.55
4.625,-0.04,-0.03,-2.52
4.625,-0.01,-0.02,-2.48
4.629,-0.01,-0.02,-2.45
4.640,-0.02,-0.01,-2.43
4.643,-0.02,0.02,-2.39
4.648,-0.02,0.04,-2.37
4.649,-0.03,0.04,-2.36
4.654,-0.02,0.06,-2.32
4.656,-0.01,0.04,-2.30
4.660,-0.01,0.03,-2.30
4.667,-0.04,0.00,-2.27
4.669,-0.02,-0.03,-2.24
4.673,-0.03,-0.02,-2.24
4.678,-0.02,-0.02,-2.23
4.682,-0.01,-0.02,-2.19
4.696,-0.01,-0.00,-2.19
4.699,-0.02,0.02,-2.17
4.700,-0.03,0.03,-2.14
4.701,-0.03,0.06,-2.14
4.705,-0.01,0.06,-2.10
4.712,-0.03,0.04,-2.09
4.714,-0.02,0.04,-2.09
4.719,-0.03,0.04,-2.07
4.721,-0.04,0.03,-2.08
4.727,-0.03,0.01,-2.06
4.732,-0.04,0.01,-2.06
4.746,-0.02,-0.00,-2.04
4.747,-0.04,0.00,-2.03
4.749,-0.02,-0.01,-2.03
4.750,-0.01,0.01,-2.03
4.755,-0.03,0.01,-2.01
4.757,-0.02,0.00,-2.02
4.763,-0.04,0.01,-2.01
4.768,-0.04,0.03,-2.02
4.772,-0.04,0.02,-2.02
4.774,-0.03,0.02,-2.03
4.781,-0.03,0.02,-2.02
4.795,-0.02,0.00,-2.02
4.800,-0.01,0.02,-2.03
4.800,-0.00,0.01,-2.01
4.801,-0.01,0.01,-2.01
4.805,-0.01,0.04,-2.03
4.808,-0.03,0.04,-2.03
4.811,-0.02,0.06,-2.03
4.819,-0.00,0.06,-2.02
4.821,0.01,0.03,-2.02
4.823,-0.01,0.04,-2.02
4.828,-0.00,0.03,-2.03
4.846,-0.01,0.01,-2.05
4.847,-0.01,0.00,-2.03
4.855,-0.02,-0.00,-2.03
4.856,-0.00,0.01,-2.04
4.856,0.00,0.03,-2.03
4.857,-0.02,0.05,-2.04
4.866,-0.00,0.05,-2.04
4.867,-0.01,0.03,-2.03
4.869,-0.01,0.04,-2.03
4.873,0.01,0.04,-2.03
4.877,-0.02,0.01,-2.02
4.883,-0.01,0.00,-2.03
4.889,-0.01,-0.03,-2.04
4.890,-0.01,-0.01,-2.05
4.894,-0.01,-0.02,-2.05
4.900,-0.02,-0.01,-2.06
4.908,-0.02,-0.01,-2.05
4.910,-0.02,0.00,-2.08
4.912,-0.02,0.02,-2.10
4.916,-0.01,0.01,-2.11
4.932,-0.02,0.01,-2.12
4.934,-0.01,-0.01,-2.15
4.935,-0.02,-0.03,-2.17
4.936,-0.01,-0.04,-2.19
4.939,-0.01,-0.04,-2.21
4.942,-0.01,-0.03,-2.25
4.947,-0.01,0.01,-2.27
4.961,-0.01,0.01,-2.29
4.962,-0.02,0.03,-2.32
4.963,-0.02,0.06,-2.33
4.965,-0.04,0.05,-2.35
4.974,-0.03,0.05,-2.39
4.975,-0.02,0.04,-2.40
4.978,-0.03,0.03,-2.41
4.983,-0.04,0.04,-2.41
4.996,-0.02,0.01,-2.44
4.999,-0.03,0.02,-2.45
5.000,-0.03,-0.01,-2.46
5.004,-0.04,-0.02,-2.45
5.005,-0.04,-0.00,-2.47
5.019,-0.02,-0.01,-2.47
5.021,-0.03,-0.00,-2.48
5.022,-0.02,0.01,-2.48
5.028,-0.04,0.02,-2.50
5.029,-0.02,0.03,-2.49
5.031,-0.01,0.02,-2.50
5.038,-0.02,0.05,-2.50
5.045,-0.02,0.02,-2.51
5.046,-0.02,0.03,-2.52
5.052,-0.01,0.04,-2.51
5.096,-0.02,0.02,-2.51
5.105,-0.01,0.01,-2.53
5.107,-0.03,0.00,-2.52
5.107,-0.02,0.01,-2.53
5.108,-0.02,-0.01,-2.53
5.109,-0.02,0.01,-2.54
5.110,-0.03,0.02,-2.54
5.111,-0.04,0.02,-2.54
5.111,-0.04,0.02,-2.53
5.112,-0.03,0.03,-2.57
5.113,-0.05,0.05,-2.57
5.113,-0.01,0.05,-2.59
5.115,-0.03,0.03,-2.60
5.116,-0.02,0.03,-2.60
5.117,-0.02,0.02,-2.63
5.124,-0.03,0.02,-2.65
5.128,-0.03,0.01,-2.66
5.129,-0.03,0.01,-2.68
5.133,-0.02,-0.01,-2.71
5.153,-0.02,0.03,-2.74
5.155,-0.02,0.02,-2.75
5.155,-0.02,-0.01,-2.76
5.156,-0.01,0.00,-2.80
5.158,-0.04,0.00,-2.83
5.159,-0.03,0.02,-2.84
5.164,-0.03,0.00,-2.88
5.183,-0.06,0.01,-2.90
5.184,-0.03,0.01,-2.93
5.185,-0.03,-0.00,-2.94
5.186,-0.05,0.01,-2.95
5.190,-0.03,0.01,-2.95
5.191,-0.03,0.02,-2.97
5.195,-0.03,0.03,-2.96
5.201,-0.04,0.01,-2.97
5.216,-0.03,0.03,-2.95
5.226,-0.02,0.00,-2.97
5.227,-0.05,0.03,-2.94
5.228,-0.03,0.03,-2.96
5.229,-0.04,0.00,-2.95
5.230,-0.03,-0.01,-2.95
5.231,-0.03,-0.01,-2.94
5.236,-0.04,-0.00,-2.94
5.239,-0.03,-0.01,-2.94
5.243,-0.03,0.02,-2.94
5.248,0.01,0.00,-2.92
5.259,-0.03,0.02,-2.92
5.263,-0.01,0.04,-2.90
5.264,0.01,0.02,-2.89
5.265,-0.01,0.03,-2.86
5.275,-0.00,0.04,-2.84
5.277,-0.01,0.05,-2.82
5.278,-0.00,0.05,-2.81
5.284,-0.02,0.05,-2.77
5.298,-0.04,0.03,-2.74
5.299,-0.04,0.01,-2.72
5.302,-0.04,0.02,-2.71
5.307,-0.03,-0.01,-2.67
5.311,-0.02,-0.01,-2.66
5.313,-0.03,-0.00,-2.63
5.315,-0.02,-0.01,-2.62
5.319,-0.02,0.03,-2.61
5.325,-0.02,0.04,-2.59
5.329,-0.01,0.03,-2.58
5.332,-0.02,0.05,-2.57
5.349,-0.01,0.05,-2.59
5.350,-0.02,0.04,-2.59
5.351,-0.02,0.04,-2.60
5.352,-0.04,0.02,-2.62
5.358,-0.02,-0.02,-2.62
5.359,-0.03,-0.01,-2.64
5.364,-0.02,-0.03,-2.66
5.367,-0.03,-0.04,-2.68
5.373,-0.02,-0.02,-2.71
5.378,-0.02,-0.02,-2.74
5.381,-0.01,-0.00,-2.78
5.385,-0.04,0.03,-2.80
5.391,-0.01,0.01,-2.84
5.394,-0.03,0.03,-2.87
5.399,-0.02,0.03,-2.92
5.403,-0.02,0.03,-2.95
5.415,-0.03,0.02,-2.99
5.421,-0.00,-0.00,-3.04
5.423,-0.03,-0.00,-3.09
5.425,-0.03,-0.02,-3.12
5.427,-0.03,-0.01,-3.16
5.431,-0.04,-0.01,-3.20
5.435,-0.03,-0.02,-3.24
5.443,-0.04,0.02,-3.28
5.447,-0.04,-0.01,-3.32
5.448,-0.04,0.01,-3.36
5.452,-0.04,0.01,-3.38
5.460,-0.04,0.01,-3.43
5.461,-0.02,0.01,-3.45
5.465,-0.03,0.00,-3.49
5.470,-0.02,0.01,-3.51
5.474,-0.00,0.00,-3.53
5.478,-0.02,0.01,-3.55
5.482,-0.03,0.02,-3.58
5.498,-0.01,-0.01,-3.58
5.499,-0.02,0.01,-3.59
5.502,-0.02,0.04,-3.59
5.504,-0.03,0.03,-3.60
5.505,-0.03,0.02,-3.59
5.510,-0.01,0.03,-3.60
5.514,-0.03,0.01,-3.59
5.518,-0.01,0.04,-3.57
5.523,-0.02,0.01,-3.56
5.529,-0.02,0.01,-3.55
5.531,-0.04,-0.01,-3.53
5.536,-0.03,0.01,-3.51
5.548,-0.02,0.02,-3.49
5.550,-0.02,0.02,-3.45
5.551,-0.01,0.01,-3.43
5.552,-0.01,0.01,-3.40
5.571,0.00,0.02,-3.37
5.573,-0.00,0.02,-3.32
5.574,-0.01,0.03,-3.28
5.575,-0.01,0.06,-3.24
5.576,0.00,0.03,-3.21
5.582,-0.01,0.06,-3.17
5.585,0.00,0.04,-3.13
5.599,-0.03,0.02,-3.09
5.600,-0.01,-0.00,-3.07
5.601,-0.02,0.01,-3.04
5.603,0.00,-0.02,-3.01
5.612,-0.02,-0.01,-2.98
5.613,0.00,-0.00,-2.95
5.615,-0.00,0.01,-2.92
5.620,0.00,0.04,-2.91
5.625,-0.00,0.04,-2.87
5.629,-0.01,0.05,-2.85
5.633,-0.01,0.05,-2.84
5.637,-0.01,0.04,-2.83
5.650,0.01,0.03,-2.81
5.654,-0.02,0.02,-2.82
5.655,0.00,0.01,-2.80
5.656,0.01,0.00,-2.80
5.663,0.02,0.01,-2.80
5.665,0.01,0.00,-2.82
5.672,0.01,-0.01,-2.81
5.674,-0.01,0.02,-2.81
5.680,-0.01,0.03,-2.83
5.682,-0.00,0.05,-2.86
5.685,0.01,0.05,-2.87
5.700,0.02,0.04,-2.88
5.701,0.00,0.06,-2.90
5.702,-0.00,0.06,-2.90
5.703,-0.01,0.05,-2.92
5.713,0.01,0.02,-2.92
5.714,-0.00,0.02,-2.95
5.717,-0.00,0.01,-2.96
5.722,-0.02,0.01,-2.99
5.727,-0.02,0.02,-3.00
5.730,-0.01,-0.00,-3.03
5.735,-0.01,0.00,-3.03
5.752,-0.01,0.01,-3.04
5.758,-0.02,0.03,-3.06
5.759,-0.02,0.04,-3.07
5.761,-0.01,0.03,-3.07
5.762,-0.02,0.03,-3.09
5.763,-0.02,0.01,-3.09
5.771,-0.02,0.01,-3.09
5.773,-0.02,-0.02,-3.11
5.774,-0.02,-0.00,-3.10
5.781,-0.02,-0.02,-3.11
5.781,-0.03,-0.01,-3.10
5.791,-0.02,0.01,-3.10
5.792,-0.02,0.02,-3.11
5.796,-0.04,0.02,-3.07
5.800,-0.02,0.04,-3.08
5.814,-0.04,0.05,-3.08
5.816,-0.02,0.04,-3.08
5.817,-0.05,0.03,-3.06
5.818,-0.04,0.02,-3.06
5.831,-0.03,-0.00,-3.07
5.833,-0.04,-0.01,-3.06
5.834,-0.04,-0.02,-3.05
5.835,-0.04,-0.02,-3.07
5.849,-0.02,-0.03,-3.06
5.851,-0.02,-0.04,-3.07
5.854,-0.04,0.03,-3.00
5.855,-0.12,-0.03,-2.89
5.864,-0.09,0.04,-2.88
5.865,-0.00,-0.01,-2.83
5.867,-0.04,-0.03,-2.81
5.872,-0.05,0.02,-2.81
5.878,-0.00,-0.08,-2.80
5.879,-0.06,0.01,-2.81
5.885,-0.06,-0.01,-2.79
5.890,-0.02,-0.03,-2.84
5.901,-0.02,-0.07,-2.86
5.902,-0.06,-0.09,-2.92
5.905,-0.02,-0.04,-2.99
5.917,-0.04,-0.11,-2.99
5.921,-0.04,-0.02,-3.10
5.922,-0.05,-0.04,-3.12
5.923,-0.03,0.02,-3.19
5.927,-0.03,0.07,-3.25
5.929,-0.03,0.06,-3.28
5.934,-0.04,0.10,-3.35
5.938,-0.04,0.06,-3.38
5.955,-0.04,0.03,-3.44
5.956,-0.04,-0.02,-3.46
5.958,-0.05,-0.06,-3.50
5.959,-0.05,-0.05,-3.55
5.965,-0.05,-0.07,-3.57
5.968,-0.04,-0.04,-3.60
5.969,-0.05,-0.04,-3.62
5.973,-0.04,0.03,-3.62
5.984,-0.05,0.04,-3.63
5.990,-0.04,0.06,-3.65
5.991,-0.04,0.06,-3.65
5.992,-0.06,0.07,-3.64
6.008,-0.01,0.04,-3.64
6.009,-0.03,0.02,-3.64
6.009,-0.04,0.01,-3.64
6.010,-0.05,-0.01,-3.61
6.012,-0.04,-0.00,-3.59
6.018,-0.03,0.01,-3.58
6.021,-0.04,0.00,-3.55
6.028,-0.05,0.01,-3.55
6.034,-0.04,0.01,-3.53
6.036,-0.04,0.01,-3.50
6.039,-0.04,0.01,-3.48
6.050,-0.04,0.03,-3.46
6.060,-0.04,0.03,-3.42
6.061,-0.05,0.03,-3.39
6.062,-0.04,0.03,-3.37
6.063,-0.04,0.03,-3.35
6.076,-0.05,0.02,-3.34
6.079,-0.06,0.01,-3.31
6.080,-0.05,0.00,-3.28
6.081,-0.06,0.00,-3.27
6.083,-0.05,-0.01,-3.23
6.088,-0.08,-0.02,-3.21
6.098,-0.04,0.01,-3.20
6.099,-0.06,0.00,-3.19
6.101,-0.05,0.01,-3.18
6.106,-0.06,-0.00,-3.18
6.111,-0.06,0.02,-3.16
6.114,-0.05,0.01,-3.15
6.119,-0.06,0.01,-3.15
6.139,-0.05,0.01,-3.13
6.141,-0.05,0.03,-3.12
6.142,-0.03,0.02,-3.12
6.145,-0.04,0.04,-3.11
6.146,-0.05,0.04,-3.11
6.146,-0.04,0.02,-3.11
6.151,-0.04,0.02,-3.11
6.156,-0.04,0.00,-3.12
6.186,-0.07,0.00,-3.10
6.189,-0.05,0.01,-3.11
6.190,-0.06,0.00,-3.10
6.191,-0.06,0.01,-3.10
6.192,-0.08,0.00,-3.09
6.194,-0.05,0.03,-3.11
6.203,-0.06,0.04,-3.10
6.204,-0.08,0.01,-3.12
6.205,-0.06,-0.02,-3.14
6.205,-0.07,0.03,-3.14
6.206,-0.07,-0.01,-3.15
6.207,-0.05,-0.06,-3.14
6.212,-0.02,-0.02,-3.14
6.218,-0.02,0.01,-3.13
6.220,-0.04,0.03,-3.14
6.238,-0.02,0.02,-3.12
6.240,-0.03,0.04,-3.12
6.241,-0.05,0.06,-3.08
6.242,-0.06,0.05,-3.07
6.244,-0.06,0.05,-3.05
6.251,-0.06,0.04,-3.02
6.252,-0.06,-0.01,-3.00
6.256,-0.06,0.00,-2.98
6.262,-0.04,0.02,-2.96
6.265,-0.06,-0.01,-2.94
6.270,-0.02,0.01,-2.91
6.273,-0.04,0.01,-2.89
6.279,-0.02,0.00,-2.85
6.285,-0.04,0.03,-2.83
6.286,-0.05,0.06,-2.82
6.291,-0.02,0.06,-2.81
6.306,-0.05,0.06,-2.79
6.307,-0.05,0.02,-2.79
6.308,-0.05,0.05,-2.79
6.318,-0.05,0.04,-2.81
6.319,-0.04,0.03,-2.82
6.320,-0.03,0.03,-2.84
6.322,-0.03,0.03,-2.86
6.328,-0.04,0.04,-2.88
6.331,-0.02,0.02,-2.93
6.337,-0.04,0.04,-2.97
6.341,-0.05,0.03,-3.01
6.344,-0.02,0.03,-3.04
6.353,-0.05,0.04,-3.08
6.356,-0.04,0.05,-3.12
6.359,-0.04,0.06,-3.16
6.374,-0.03,0.06,-3.18
6.376,-0.05,0.06,-3.22
6.377,-0.02,0.06,-3.25
6.377,-0.03,0.07,-3.27
6.385,-0.03,0.06,-3.31
6.386,-0.04,0.05,-3.33
6.389,-0.04,0.04,-3.34
6.403,-0.03,0.05,-3.38
6.407,-0.04,0.02,-3.38
6.408,-0.03,0.03,-3.40
6.422,-0.02,0.03,-3.40
6.423,-0.01,0.05,-3.40
6.424,-0.02,0.04,-3.42
6.425,-0.03,0.05,-3.42
6.426,-0.02,0.06,-3.40
6.428,-0.01,0.05,-3.40
6.433,-0.01,0.05,-3.39
6.437,-0.03,0.02,-3.36
6.443,-0.04,0.05,-3.33
6.446,-0.01,0.07,-3.32
6.463,-0.04,0.04,-3.33
6.464,-0.03,0.05,-3.33
6.465,-0.03,0.06,-3.31
6.465,-0.03,0.05,-3.31
6.468,-0.01,0.02,-3.29
6.473,-0.01,0.02,-3.29
6.478,-0.03,-0.01,-3.29
6.482,-0.01,0.01,-3.29
6.486,-0.02,0.03,-3.30
6.492,-0.02,0.03,-3.31
6.506,-0.04,0.03,-3.32
6.508,-0.02,0.06,-3.32
6.509,-0.04,0.08,-3.33
6.512,-0.01,0.08,-3.34
6.513,-0.02,0.07,-3.34
6.518,-0.01,0.06,-3.35
6.521,-0.01,0.05,-3.36
6.526,-0.01,0.02,-3.36
6.531,-0.02,0.02,-3.36
6.536,-0.03,0.02,-3.36
6.539,-0.03,0.02,-3.37
6.544,-0.03,0.00,-3.38
6.555,-0.01,0.02,-3.38
6.556,-0.02,0.05,-3.39
6.557,-0.03,0.07,-3.40
6.563,-0.04,0.06,-3.41
6.577,-0.03,0.08,-3.43
6.578,-0.04,0.07,-3.42
6.579,-0.02,0.06,-3.44
6.581,-0.03,0.07,-3.45
6.583,-0.03,0.04,-3.45
6.587,-0.02,0.05,-3.46
6.592,-0.03,0.04,-3.46
6.598,-0.02,0.05,-3.45
6.602,-0.02,0.06,-3.46
6.605,-0.03,0.06,-3.46
6.610,-0.03,0.05,-3.45
6.621,-0.03,0.06,-3.45
6.624,-0.02,0.07,-3.46
6.625,-0.02,0.04,-3.45
6.633,-0.02,0.05,-3.46
6.635,-0.04,0.03,-3.46
6.636,-0.02,0.02,-3.46
6.647,-0.03,0.01,-3.46
6.650,-0.04,0.02,-3.46
6.650,-0.03,0.01,-3.46
6.654,-0.03,0.03,-3.46
6.658,-0.05,0.05,-3.46
6.674,-0.05,0.04,-3.46
6.675,-0.05,0.05,-3.46
6.676,-0.04,0.06,-3.46
6.677,-0.04,0.06,-3.44
6.690,-0.02,0.05,-3.45
6.691,-0.03,0.06,-3.46
6.692,-0.03,0.03,-3.45
6.695,-0.01,0.02,-3.44
6.705,-0.04,0.02,-3.44
6.706,-0.04,0.02,-3.43
6.710,-0.02,0.01,-3.43
6.714,-0.04,0.04,-3.43
6.724,-0.02,0.02,-3.43
6.726,-0.02,0.03,-3.41
6.728,-0.02,0.05,-3.40
6.729,-0.03,0.03,-3.38
6.734,-0.03,0.05,-3.39
6.738,-0.04,0.06,-3.39
6.743,-0.04,0.04,-3.38
6.758,-0.03,0.04,-3.37
6.760,-0.01,0.04,-3.35
6.761,-0.02,0.02,-3.35
6.775,-0.01,0.01,-3.36
6.776,-0.02,0.01,-3.34
6.779,-0.02,0.00,-3.34
6.779,-0.01,0.01,-3.32
6.780,-0.01,0.02,-3.32
6.782,-0.03,0.04,-3.32
6.789,-0.01,0.05,-3.31
6.790,-0.02,0.03,-3.31
6.812,0.00,0.04,-3.32
6.815,-0.01,0.04,-3.31
6.815,-0.02,0.04,-3.31
6.816,-0.02,0.02,-3.32
6.817,0.00,0.02,-3.31
6.821,-0.01,0.00,-3.34
6.824,-0.01,0.00,-3.34
6.828,0.00,0.02,-3.36
6.833,0.00,0.02,-3.37
6.836,-0.01,0.01,-3.36
6.839,-0.02,0.04,-3.38
6.844,-0.01,0.02,-3.40
6.856,-0.01,0.04,-3.40
6.859,-0.01,0.04,-3.42
6.861,-0.02,0.02,-3.42
6.862,-0.03,0.02,-3.42
6.880,-0.01,0.03,-3.42
6.881,-0.02,0.03,-3.43
6.882,-0.00,0.04,-3.43
6.883,0.00,0.02,-3.43
6.884,-0.02,0.03,-3.43
6.889,-0.01,0.02,-3.44
6.894,-0.00,0.00,-3.44
6.900,-0.02,0.02,-3.43
6.901,-0.02,0.02,-3.44
6.906,-0.02,0.04,-3.44
6.911,-0.02,0.04,-3.44
6.924,-0.04,0.05,-3.42
6.927,-0.01,0.03,-3.43
6.928,-0.02,0.04,-3.44
6.929,-0.02,0.01,-3.42
6.942,-0.03,0.03,-3.42
6.943,-0.02,0.02,-3.41
6.947,-0.02,0.03,-3.41
6.948,-0.01,0.03,-3.40
6.966,-0.02,0.02,-3.39
6.975,-0.04,0.03,-3.38
6.977,-0.01,0.06,-3.37
6.978,-0.02,0.04,-3.36
6.979,-0.02,0.04,-3.37
6.979,-0.01,0.03,-3.36
6.980,-0.03,0.02,-3.35
6.986,-0.05,0.04,-3.34
6.987,-0.04,0.03,-3.33
6.990,-0.03,0.04,-3.32
6.994,-0.02,0.05,-3.32
7.000,-0.04,0.03,-3.33
7.002,-0.04,0.02,-3.33
7.007,-0.02,0.03,-3.32
7.012,-0.02,0.05,-3.31
7.027,-0.05,0.03,-3.32
7.030,-0.04,0.03,-3.31
7.031,-0.03,0.01,-3.31
7.032,-0.03,0.03,-3.31
7.039,-0.04,0.01,-3.33
7.040,-0.04,0.03,-3.33
7.043,-0.04,0.02,-3.32
7.048,-0.02,0.02,-3.33
7.089,-0.02,0.01,-3.35
7.091,-0.02,0.03,-3.36
7.092,-0.04,0.02,-3.37
7.093,-0.02,0.02,-3.38
7.116,-0.03,0.03,-3.40
7.124,-0.03,0.04,-3.39
7.126,-0.02,0.04,-3.41
7.127,-0.04,0.04,-3.41
7.130,-0.01,0.03,-3.41
7.133,-0.02,0.03,-3.43
7.141,-0.04,0.03,-3.44
7.142,-0.03,0.02,-3.44
7.142,-0.03,0.02,-3.45
7.144,-0.02,0.02,-3.45
7.145,-0.03,0.02,-3.46
7.146,-0.03,0.02,-3.48
7.147,-0.01,0.03,-3.48
7.147,-0.02,0.03,-3.51
7.149,-0.02,0.04,-3.50
7.150,-0.02,0.04,-3.53
7.151,-0.04,0.04,-3.54
7.151,-0.03,0.04,-3.56
7.153,-0.05,0.04,-3.58
7.154,-0.03,0.04,-3.57
7.169,-0.04,0.02,-3.59
7.169,-0.02,0.04,-3.59
7.170,-0.01,0.02,-3.61
7.172,-0.03,0.02,-3.61
7.175,-0.02,0.03,-3.63
7.182,-0.04,0.03,-3.62
7.203,-0.02,0.03,-3.60
7.207,-0.04,0.03,-3.63
7.208,-0.02,0.02,-3.64
7.210,-0.04,0.02,-3.63
7.210,-0.03,0.03,-3.60
7.214,-0.03,0.03,-3.60
7.215,-0.04,0.02,-3.61
7.218,-0.03,0.01,-3.58
7.220,-0.04,0.03,-3.58
7.242,-0.03,0.02,-3.56
7.244,-0.04,0.03,-3.55
7.252,-0.02,0.03,-3.54
7.253,-0.02,0.04,-3.52
7.253,-0.02,0.03,-3.50
7.254,-0.02,0.04,-3.49
7.255,-0.03,0.02,-3.45
7.256,-0.01,0.04,-3.43
7.276,-0.05,0.04,-3.42
7.277,-0.03,0.04,-3.40
7.278,-0.03,0.04,-3.37
7.278,-0.04,0.03,-3.35
7.286,-0.04,0.05,-3.34
7.286,-0.02,0.02,-3.32
7.287,-0.01,0.03,-3.30
7.294,-0.03,0.04,-3.29
7.295,-0.02,0.04,-3.30
7.323,-0.04,0.02,-3.28
7.325,-0.01,0.05,-3.28
7.326,-0.04,0.03,-3.27
7.327,-0.03,0.05,-3.27
7.328,-0.03,0.04,-3.27
7.329,-0.03,0.03,-3.27
7.332,-0.02,0.03,-3.29
7.332,-0.01,0.03,-3.29
7.336,-0.02,0.03,-3.28
7.341,-0.02,0.01,-3.29
7.344,-0.02,0.04,-3.32
7.348,-0.02,0.06,-3.32
7.368,-0.01,0.02,-3.32
7.369,-0.01,0.04,-3.33
7.370,-0.01,0.04,-3.35
7.371,-0.02,0.03,-3.34
7.372,-0.02,0.03,-3.36
7.373,-0.03,0.02,-3.36
7.379,-0.01,0.03,-3.36
7.383,-0.03,0.01,-3.38
7.391,-0.04,0.02,-3.39
7.392,-0.02,0.03,-3.39
7.398,-0.01,0.02,-3.39
7.400,0.01,0.03,-3.42
7.430,-0.02,0.05,-3.40
7.434,-0.02,0.04,-3.40
7.435,-0.02,0.04,-3.42
7.436,-0.01,0.02,-3.43
7.437,-0.03,0.03,-3.42
7.438,-0.02,0.03,-3.43
7.438,-0.03,0.04,-3.43
7.439,-0.01,0.03,-3.43
7.440,-0.03,0.03,-3.43
7.445,-0.03,0.03,-3.43
7.450,-0.01,0.04,-3.44
7.463,-0.01,0.04,-3.44
7.464,-0.01,0.04,-3.43
7.465,-0.02,0.05,-3.44
7.468,-0.03,0.04,-3.44
7.477,-0.01,0.05,-3.43
7.478,-0.01,0.03,-3.44
7.480,-0.04,0.03,-3.44
7.495,-0.03,0.03,-3.43
7.496,-0.01,0.04,-3.43
7.498,-0.04,0.03,-3.43
7.502,-0.03,0.05,-3.43
7.502,-0.01,0.02,-3.42
7.515,-0.03,0.04,-3.42
7.522,-0.03,0.03,-3.40
7.523,-0.01,0.04,-3.41
7.524,-0.03,0.04,-3.40
7.525,-0.05,0.02,-3.41
7.530,-0.03,0.03,-3.41
7.534,-0.04,0.03,-3.40
7.552,-0.03,0.04,-3.40
7.557,-0.04,0.04,-3.40
7.558,-0.02,0.04,-3.39
7.559,-0.04,0.06,-3.39
7.560,-0.03,0.05,-3.40
7.561,-0.03,0.03,-3.39
7.565,-0.04,0.05,-3.39
7.576,-0.04,0.05,-3.39
7.577,-0.04,0.06,-3.39
7.578,-0.03,0.04,-3.40
7.583,-0.01,0.04,-3.39
7.592,0.00,0.03,-3.39
7.593,-0.03,0.06,-3.39
7.596,-0.04,0.04,-3.38
7.602,-0.03,0.05,-3.38
7.612,-0.04,0.05,-3.39
7.613,-0.04,0.04,-3.39
7.614,-0.03,0.05,-3.41
7.622,-0.04,0.03,-3.39
7.623,-0.04,0.07,-3.40
7.627,-0.02,0.05,-3.41
7.631,-0.01,0.01,-3.39
7.636,-0.02,0.04,-3.41
7.646,-0.03,0.04,-3.40
7.647,-0.02,0.03,-3.41
7.650,-0.03,0.04,-3.41
7.655,-0.03,0.03,-3.41
7.668,-0.03,0.03,-3.42
7.670,-0.03,0.03,-3.41
7.671,-0.03,0.03,-3.41
7.671,-0.04,0.03,-3.43
7.676,-0.03,0.04,-3.42
7.680,-0.03,0.03,-3.42
7.685,-0.01,0.03,-3.42
7.696,-0.03,0.04,-3.43
7.697,-0.00,0.02,-3.42
7.698,-0.03,0.05,-3.44
7.702,-0.03,0.06,-3.45
7.706,-0.01,0.04,-3.44
7.711,-0.02,0.02,-3.42
7.715,-0.03,0.04,-3.45
7.719,-0.02,0.04,-3.44
7.727,-0.01,0.01,-3.44
7.728,-0.02,0.04,-3.44
7.736,-0.02,0.04,-3.44
7.738,-0.04,0.04,-3.45
7.752,-0.02,0.05,-3.44
7.753,-0.01,0.04,-3.44
7.755,-0.03,0.05,-3.44
7.757,-0.04,0.05,-3.46
7.759,-0.03,0.04,-3.44
7.769,-0.02,0.03,-3.44
7.769,-0.03,0.03,-3.44
7.774,-0.01,0.05,-3.44
7.777,-0.01,0.04,-3.45
7.781,-0.03,0.06,-3.43
7.801,-0.02,0.05,-3.43
7.803,-0.01,0.05,-3.43
7.804,-0.01,0.05,-3.42
7.804,-0.01,0.04,-3.44
7.805,-0.02,0.06,-3.43
7.818,-0.01,0.04,-3.42
7.819,-0.02,0.03,-3.42
7.821,-0.01,0.04,-3.42
7.822,0.01,0.02,-3.42
7.839,-0.01,0.02,-3.42
7.841,-0.00,0.03,-3.42
7.842,-0.03,0.04,-3.43
7.843,0.00,0.06,-3.42
7.844,-0.01,0.06,-3.41
7.847,-0.02,0.05,-3.43
7.852,0.00,0.07,-3.41
7.858,-0.02,0.07,-3.41
7.861,-0.01,0.03,-3.41
7.865,-0.01,0.04,-3.41
7.870,0.02,0.01,-3.40
7.874,-0.00,0.05,-3.40
7.887,-0.01,0.03,-3.38
7.888,-0.01,0.04,-3.39
7.889,-0.01,0.03,-3.39
7.892,0.00,0.05,-3.38
7.896,-0.02,0.05,-3.38
7.900,-0.01,0.06,-3.36
7.911,-0.01,0.06,-3.37
7.911,-0.01,0.06,-3.36
7.913,-0.01,0.07,-3.37
7.919,0.01,0.06,-3.35
7.925,0.00,0.04,-3.36
7.929,0.00,0.05,-3.35
7.931,0.00,0.02,-3.34
7.935,0.02,0.03,-3.34
7.954,-0.01,0.01,-3.35
7.956,-0.01,0.03,-3.35
7.957,0.00,0.04,-3.35
7.974,-0.01,0.03,-3.35
7.975,0.00,0.05,-3.34
7.976,-0.00,0.06,-3.35
7.979,-0.01,0.07,-3.35
7.980,0.01,0.06,-3.33
7.982,-0.00,0.05,-3.34
7.984,-0.01,0.04,-3.34
7.986,-0.01,0.03,-3.34
7.989,-0.01,0.01,-3.34
7.994,-0.00,0.02,-3.34
7.998,0.00,0.02,-3.34
8.002,-0.01,0.02,-3.33
8.018,0.00,0.03,-3.34
8.019,0.03,0.03,-3.33
8.019,-0.00,0.05,-3.33
8.021,0.02,0.04,-3.32
8.038,0.01,0.03,-3.33
8.039,0.00,0.05,-3.32
8.040,0.01,0.04,-3.34
8.041,-0.01,0.04,-3.32
8.042,0.01,0.03,-3.33
8.048,0.02,0.02,-3.34
8.051,-0.01,0.02,-3.34
8.056,-0.00,0.04,-3.34
8.061,0.01,0.02,-3.33
8.065,-0.00,0.03,-3.34
8.070,-0.01,0.03,-3.32
8.075,0.01,0.06,-3.33
8.077,0.00,0.03,-3.35
8.081,0.00,0.02,-3.33
8.087,-0.00,0.05,-3.34
8.101,0.02,0.05,-3.34
8.102,0.01,0.05,-3.34
8.102,0.02,0.04,-3.35
8.104,0.01,0.04,-3.34
8.114,0.00,0.05,-3.34
8.115,-0.00,0.03,-3.34
8.117,0.00,0.02,-3.33
8.123,0.02,0.03,-3.33
8.138,0.03,-0.00,-3.33
8.140,-0.00,0.03,-3.34
8.141,0.00,0.04,-3.34
8.141,0.00,0.04,-3.33
8.153,0.01,0.03,-3.34
8.154,-0.00,0.01,-3.34
8.157,0.02,0.01,-3.35
8.159,0.01,0.03,-3.34
8.161,0.01,0.03,-3.35
8.165,0.01,0.03,-3.35
8.170,0.01,0.03,-3.34
8.175,0.01,0.03,-3.36
8.178,0.00,0.04,-3.35
8.183,0.01,0.03,-3.34
8.188,0.01,0.04,-3.36
8.203,0.01,0.04,-3.36
8.204,0.01,0.02,-3.34
8.205,0.02,0.03,-3.37
8.206,0.00,0.03,-3.37
8.216,0.01,0.03,-3.38
8.217,0.01,0.04,-3.36
8.218,0.01,0.03,-3.38
8.223,0.01,0.03,-3.38
8.242,0.02,0.02,-3.39
8.243,0.02,0.01,-3.40
8.243,0.01,0.03,-3.40
8.244,0.01,0.02,-3.42
8.246,0.01,0.03,-3.41
8.249,0.01,0.01,-3.42
8.254,0.00,0.03,-3.43
8.262,0.01,0.02,-3.44
8.265,-0.01,0.02,-3.42
8.267,0.01,0.04,-3.43
8.272,-0.00,0.01,-3.44
8.276,-0.00,0.00,-3.44
8.282,-0.00,0.02,-3.44
8.285,-0.01,0.04,-3.44
8.289,0.01,0.03,-3.44
8.304,0.01,0.04,-3.45
8.305,0.00,0.04,-3.45
8.306,0.00,0.03,-3.47
8.307,0.01,0.05,-3.46
8.317,-0.00,0.04,-3.45
8.318,-0.01,0.04,-3.46
8.320,-0.00,0.04,-3.46
8.336,0.02,0.02,-3.47
8.337,0.00,0.02,-3.48
8.338,0.00,0.03,-3.48
8.339,0.02,0.03,-3.48
8.355,0.01,0.02,-3.48
8.357,-0.00,0.02,-3.50
8.358,0.00,0.01,-3.50
8.359,0.01,0.01,-3.51
8.365,-0.01,0.02,-3.51
8.367,0.01,0.02,-3.52
8.369,0.03,0.02,-3.54
8.373,0.01,0.02,-3.54
8.384,0.02,0.01,-3.55
8.386,0.01,0.02,-3.56
8.391,0.01,0.01,-3.56
8.406,0.01,0.02,-3.59
8.413,0.01,0.04,-3.57
8.413,-0.00,0.03,-3.58
8.415,0.01,0.02,-3.57
8.415,0.00,0.04,-3.58
8.416,0.01,0.04,-3.58
8.420,0.02,0.04,-3.59
8.424,0.00,0.04,-3.58
8.441,0.00,0.04,-3.55
8.442,0.02,0.05,-3.57
8.442,0.00,0.06,-3.58
8.444,0.00,0.06,-3.55
8.444,-0.00,0.08,-3.55
8.448,0.00,0.04,-3.58
8.452,-0.02,0.02,-3.56
8.458,-0.01,0.03,-3.55
8.462,-0.02,0.03,-3.54
8.467,-0.01,0.02,-3.53
8.470,0.01,0.04,-3.53
8.478,-0.00,0.02,-3.52
8.481,-0.00,0.04,-3.53
8.484,0.01,0.06,-3.52
8.489,0.00,0.04,-3.51
8.504,0.01,0.03,-3.52
8.505,-0.01,0.04,-3.52
8.506,0.01,0.04,-3.50
8.507,-0.01,0.04,-3.50
8.520,-0.00,0.03,-3.50
8.523,0.00,0.03,-3.49
8.524,0.00,0.03,-3.50
8.540,0.01,0.03,-3.49
8.541,0.02,0.04,-3.49
8.542,0.01,0.03,-3.49
8.543,-0.00,0.03,-3.50
8.544,0.02,0.01,-3.49
8.555,0.02,0.02,-3.49
8.558,0.01,0.02,-3.50
8.558,0.01,0.03,-3.49
8.567,0.03,0.04,-3.49
8.568,0.02,0.03,-3.49
8.570,0.02,0.02,-3.47
8.575,0.04,0.02,-3.48
8.577,0.04,0.00,-3.46
8.594,0.03,0.02,-3.46
8.596,0.03,0.00,-3.45
8.597,0.02,0.00,-3.43
8.597,0.03,0.02,-3.44
8.599,0.03,0.01,-3.42
8.603,0.03,-0.00,-3.41
8.608,0.03,0.01,-3.40
8.613,0.02,0.00,-3.38
8.617,0.02,0.01,-3.37
8.621,0.03,-0.01,-3.36
8.625,0.01,0.01,-3.33
8.631,0.02,-0.01,-3.33
8.635,0.03,0.01,-3.32
8.639,0.03,0.01,-3.31
8.660,0.01,0.01,-3.28
8.661,0.03,-0.01,-3.28
8.662,0.02,0.01,-3.28
8.663,0.01,0.01,-3.25
8.663,0.02,0.00,-3.24
8.665,0.03,-0.00,-3.23
8.671,0.00,0.00,-3.23
8.675,0.02,-0.01,-3.22
8.680,0.01,-0.00,-3.20
8.683,0.02,-0.01,-3.21
8.688,0.01,-0.01,-3.19
8.703,0.01,0.01,-3.18
8.705,0.02,-0.00,-3.18
8.707,0.03,-0.01,-3.19
8.708,0.02,0.01,-3.18
8.709,0.01,0.01,-3.17
8.725,0.02,-0.00,-3.17
8.726,0.01,-0.01,-3.18
8.727,0.01,-0.01,-3.17
8.728,0.02,-0.02,-3.18
8.738,0.01,0.01,-3.17
8.739,0.02,-0.00,-3.19
8.742,0.02,0.01,-3.19
8.761,0.02,0.00,-3.19
8.762,0.02,0.01,-3.18
8.763,0.00,0.00,-3.19
8.764,0.00,0.00,-3.20
8.764,0.01,0.01,-3.20
8.767,0.01,-0.01,-3.22
8.772,0.01,0.01,-3.22
8.781,0.00,-0.01,-3.22
8.781,0.01,0.00,-3.22
8.786,-0.01,0.00,-3.24
8.789,-0.01,0.00,-3.24
8.802,-0.03,-0.02,-3.24
8.803,0.02,0.02,-3.26
8.807,0.01,0.01,-3.25
8.809,-0.01,-0.00,-3.26
8.827,-0.01,0.00,-3.26
8.829,0.00,-0.00,-3.27
8.829,0.00,-0.00,-3.27
8.830,0.00,0.01,-3.27
8.831,0.01,0.00,-3.29
8.833,-0.01,0.00,-3.28
8.838,-0.01,-0.01,-3.28
8.842,0.00,-0.00,-3.29
8.854,0.01,-0.01,-3.28
8.855,0.00,0.01,-3.31
8.857,0.01,0.03,-3.29
8.861,0.01,0.00,-3.29
8.878,0.00,0.01,-3.31
8.881,-0.00,0.01,-3.29
8.882,0.00,0.02,-3.29
8.883,-0.02,0.01,-3.28
8.884,0.02,0.02,-3.30
8.886,0.01,-0.00,-3.31
8.891,-0.02,0.03,-3.30
8.904,0.02,0.03,-3.30
8.906,-0.01,0.00,-3.29
8.909,-0.00,0.02,-3.29
8.910,-0.01,0.01,-3.29
8.917,0.01,0.01,-3.28
8.921,0.01,-0.00,-3.28
8.922,0.00,-0.00,-3.28
8.936,0.01,0.00,-3.27
8.939,0.01,0.01,-3.28
8.940,0.01,0.01,-3.27
8.940,0.01,0.00,-3.26
8.944,0.01,0.01,-3.25
8.954,0.02,0.01,-3.24
8.955,0.03,0.01,-3.24
8.958,-0.01,0.02,-3.24
8.966,0.01,0.01,-3.23
8.967,0.01,0.01,-3.23
8.981,0.01,-0.01,-3.22
8.984,0.02,0.01,-3.21
8.984,0.00,0.00,-3.21
8.985,0.01,0.00,-3.21
8.988,0.00,0.00,-3.20
8.995,0.01,0.02,-3.21
9.012,0.00,0.00,-3.19
9.014,0.02,-0.02,-3.19
9.014,0.00,0.03,-3.20
9.018,-0.02,0.01,-3.18
9.019,-0.01,0.01,-3.19
9.020,0.02,0.00,-3.18
9.024,-0.00,0.00,-3.19
9.028,0.01,0.01,-3.18
9.042,0.03,0.02,-3.18
9.043,0.00,0.00,-3.17
9.043,0.01,0.01,-3.17
9.045,-0.00,-0.00,-3.17
9.056,-0.00,0.00,-3.18
9.059,0.01,-0.01,-3.17
9.068,0.00,-0.00,-3.17
9.069,0.01,0.00,-3.17
9.069,-0.01,0.01,-3.16
9.072,0.00,-0.01,-3.18
9.087,-0.01,0.02,-3.16
9.090,0.01,0.02,-3.17
9.091,-0.00,0.02,-3.14
9.091,0.00,0.04,-3.15
9.094,-0.00,0.01,-3.15
9.106,-0.01,0.01,-3.14
9.107,0.00,0.02,-3.14
9.108,0.00,-0.00,-3.14
9.113,0.00,-0.01,-3.14
9.116,-0.01,0.01,-3.14
9.153,0.02,0.02,-3.14
9.163,-0.01,0.02,-3.12
9.166,0.00,-0.00,-3.12
9.167,-0.01,0.01,-3.13
9.168,0.01,0.04,-3.12
9.170,-0.01,0.02,-3.12
9.171,-0.00,0.02,-3.11
9.171,0.00,0.01,-3.11
9.173,0.01,0.02,-3.11
9.173,0.01,-0.01,-3.12
9.174,0.01,-0.00,-3.11
9.175,-0.01,0.00,-3.10
9.176,0.01,-0.01,-3.11
9.179,0.01,0.00,-3.11
9.191,0.00,0.01,-3.11
9.195,0.01,-0.00,-3.12
9.197,0.00,0.03,-3.11
9.198,-0.00,0.02,-3.14
9.231,0.01,0.01,-3.13
9.232,0.01,-0.01,-3.14
9.233,0.01,0.01,-3.14
9.235,0.00,-0.00,-3.15
9.237,0.00,-0.00,-3.15
9.237,0.01,0.00,-3.17
9.238,0.00,0.00,-3.16
9.239,0.00,0.02,-3.16
9.240,0.00,0.00,-3.18
9.240,0.00,0.01,-3.18
9.244,-0.00,0.01,-3.19
9.250,0.00,0.02,-3.20
9.254,0.02,0.01,-3.21
9.258,0.02,-0.00,-3.22
9.263,0.00,0.01,-3.22
9.266,-0.00,0.03,-3.23
9.272,0.00,0.01,-3.23
9.275,0.00,0.01,-3.25
9.282,-0.00,0.02,-3.26
9.302,-0.01,0.04,-3.29
9.304,0.00,0.01,-3.29
9.305,-0.01,0.03,-3.31
9.306,-0.01,0.01,-3.33
9.308,-0.01,0.01,-3.37
9.310,0.00,0.02,-3.38
9.311,-0.01,0.02,-3.41
9.316,-0.01,-0.01,-3.44
9.320,-0.01,0.04,-3.46
9.325,0.00,0.02,-3.50
9.331,-0.00,0.03,-3.54
9.334,-0.01,0.05,-3.59
9.351,-0.02,0.04,-3.61
9.352,0.01,0.03,-3.65
9.353,-0.04,0.03,-3.70
9.354,0.00,0.04,-3.73
9.355,0.01,0.04,-3.78
9.360,-0.02,0.04,-3.81
9.364,0.00,0.04,-3.85
9.373,-0.01,0.04,-3.87
9.375,-0.01,0.04,-3.91
9.379,-0.01,0.04,-3.94
9.399,-0.01,0.02,-3.98
9.401,-0.02,0.04,-3.98
9.403,0.02,0.03,-4.01
9.406,-0.02,-0.01,-4.03
9.407,0.00,0.01,-4.07
9.409,0.00,0.01,-4.11
9.410,0.01,0.03,-4.15
9.414,-0.01,0.03,-4.19
9.418,-0.01,0.04,-4.21
9.424,-0.02,0.03,-4.25
9.426,-0.01,0.03,-4.31
9.431,0.01,0.03,-4.33
9.446,0.02,0.01,-4.38
9.447,0.00,-0.01,-4.39
9.470,0.01,-0.02,-4.43
9.471,0.01,-0.02,-4.44
9.472,0.00,-0.01,-4.45
9.473,0.01,0.01,-4.49
9.474,0.00,0.02,-4.52
9.475,0.01,0.03,-4.53
9.476,0.01,0.03,-4.56
9.477,0.01,0.01,-4.57
9.482,-0.00,0.03,-4.60
9.497,0.01,0.01,-4.62
9.498,0.01,0.02,-4.64
9.502,0.01,-0.00,-4.67
9.505,0.01,-0.02,-4.68
9.508,0.01,-0.02,-4.70
9.509,0.02,0.01,-4.73
9.510,0.01,-0.01,-4.73
9.520,0.02,0.01,-4.74
9.522,0.01,0.02,-4.75
9.523,0.02,0.02,-4.76
9.527,0.03,0.01,-4.77
9.532,0.02,0.01,-4.77
9.551,-0.00,-0.01,-4.78
9.552,0.01,0.01,-4.76
9.553,0.04,-0.01,-4.78
9.553,0.02,-0.02,-4.79
9.555,0.01,-0.02,-4.76
9.560,0.01,-0.02,-4.76
9.561,0.01,-0.01,-4.76
9.570,0.03,-0.02,-4.75
9.576,0.03,0.01,-4.73
9.576,0.02,-0.01,-4.72
9.581,0.00,0.00,-4.71
9.596,0.01,-0.01,-4.70
9.598,0.03,-0.01,-4.69
9.599,0.00,0.00,-4.67
9.599,0.01,-0.00,-4.66
9.614,0.01,-0.01,-4.66
9.617,0.01,-0.01,-4.63
9.618,0.01,0.01,-4.61
9.619,0.02,-0.01,-4.61
9.620,-0.00,0.01,-4.58
9.639,-0.01,0.01,-4.60
9.641,-0.01,-0.00,-4.58
9.642,0.03,-0.02,-4.57
9.643,0.02,0.00,-4.56
9.645,0.01,-0.02,-4.56
9.646,0.00,-0.01,-4.55
9.652,0.02,-0.01,-4.54
9.655,-0.00,0.01,-4.53
9.660,-0.00,0.04,-4.53
9.664,0.04,0.04,-4.52
9.677,0.01,0.03,-4.52
9.679,0.01,0.04,-4.52
9.681,0.03,0.05,-4.50
9.682,0.01,0.03,-4.50
9.702,0.00,0.03,-4.52
9.703,0.02,0.02,-4.51
9.704,0.02,0.01,-4.49
9.705,0.00,-0.00,-4.49
9.706,0.03,-0.02,-4.49
9.708,0.02,-0.03,-4.50
9.714,0.03,-0.03,-4.50
9.717,0.00,-0.03,-4.50
9.723,0.04,-0.03,-4.51
9.734,0.02,-0.01,-4.50
9.735,0.03,0.00,-4.52
9.739,0.03,0.02,-4.52
9.741,0.01,0.03,-4.54
9.743,0.03,0.01,-4.55
9.751,0.00,-0.01,-4.56
9.758,0.02,0.01,-4.57
9.759,0.01,-0.02,-4.59
9.761,0.02,-0.02,-4.60
9.782,0.01,-0.04,-4.60
9.784,0.02,-0.02,-4.63
9.785,0.01,-0.01,-4.64
9.785,0.02,0.02,-4.64
9.786,0.00,0.00,-4.65
9.798,0.02,0.02,-4.66
9.799,0.01,0.02,-4.67
9.800,0.02,0.03,-4.68
9.801,0.00,0.04,-4.69
9.812,0.02,0.03,-4.71
9.817,0.03,0.01,-4.72
9.821,-0.00,-0.01,-4.72
9.822,0.02,-0.01,-4.73
9.838,0.01,-0.01,-4.73
9.840,0.00,-0.01,-4.75
9.841,0.01,0.01,-4.76
9.842,0.00,0.00,-4.77
9.843,0.01,-0.01,-4.79
9.845,0.01,0.02,-4.79
9.851,-0.01,0.03,-4.81
9.857,-0.00,0.02,-4.82
9.858,-0.02,0.04,-4.83
9.863,0.02,0.02,-4.83
9.868,0.00,0.01,-4.83
9.885,-0.01,0.01,-4.84
9.886,0.00,-0.01,-4.86
9.887,-0.00,0.00,-4.87
9.888,0.02,-0.01,-4.87
9.894,0.01,-0.01,-4.89
9.896,0.00,-0.01,-4.90
9.899,0.01,0.00,-4.91
9.905,0.01,-0.00,-4.92
9.907,0.01,0.01,-4.92
9.912,0.00,0.02,-4.94
9.920,-0.01,0.03,-4.93
9.922,0.02,0.02,-4.96
9.932,-0.00,0.02,-4.98
9.933,-0.01,0.02,-4.98
9.935,-0.00,0.01,-5.01
9.963,-0.01,-0.00,-5.01
9.966,-0.01,-0.02,-5.01
9.967,0.01,-0.01,-5.02
9.968,0.01,-0.02,-5.04
9.969,0.01,-0.02,-5.02
9.970,0.00,-0.01,-5.02
9.971,-0.00,0.01,-5.03
9.972,0.01,0.00,-5.01
9.982,-0.01,-0.00,-5.01
9.983,-0.00,0.01,-5.00
9.983,-0.03,0.00,-4.98
9.988,0.00,0.02,-4.98
10.004,-0.02,0.01,-4.96
10.005,-0.01,-0.01,-4.93
10.005,-0.02,0.00,-4.91
10.008,-0.01,0.00,-4.89
10.009,-0.01,-0.01,-4.88
10.014,0.00,0.01,-4.84
10.019,-0.01,-0.01,-4.83
10.031,-0.01,0.04,-4.81
10.035,0.00,0.04,-4.77
10.036,0.01,0.02,-4.76
10.037,-0.02,0.01,-4.73
10.054,-0.00,0.01,-4.71
10.055,0.00,0.03,-4.70
10.056,-0.01,0.00,-4.67
10.057,0.01,-0.01,-4.67
10.058,0.00,0.00,-4.66
10.064,-0.01,0.01,-4.65
10.068,-0.01,0.02,-4.63
10.086,-0.01,0.03,-4.64
10.088,-0.01,0.02,-4.63
10.089,-0.02,0.03,-4.61
10.091,-0.01,0.03,-4.62
10.092,0.01,0.01,-4.61
10.094,-0.01,0.01,-4.62
10.097,0.01,-0.01,-4.62
10.106,-0.00,-0.03,-4.63
10.107,0.01,-0.04,-4.64
10.111,-0.01,-0.03,-4.64
10.115,0.01,-0.04,-4.65
10.133,-0.01,-0.02,-4.65
10.136,-0.00,-0.01,-4.68
10.137,-0.00,-0.01,-4.66
10.138,-0.00,-0.00,-4.67
10.138,-0.01,0.03,-4.69
10.148,0.00,0.02,-4.70
10.149,-0.01,0.02,-4.70
10.152,-0.01,0.01,-4.72
10.173,-0.02,-0.01,-4.72
10.175,-0.01,-0.03,-4.74
10.182,0.01,-0.01,-4.74
10.182,0.02,-0.02,-4.76
10.183,-0.01,-0.04,-4.77
10.185,0.00,-0.02,-4.76
10.186,-0.01,-0.02,-4.79
10.187,0.01,-0.01,-4.78
10.191,-0.01,-0.01,-4.78
10.194,-0.01,-0.00,-4.79
10.199,0.01,-0.01,-4.79
10.203,0.04,-0.02,-4.78
10.217,-0.00,-0.01,-4.78
10.218,-0.01,-0.01,-4.78
10.218,0.00,-0.02,-4.78
10.234,-0.01,-0.00,-4.77
10.240,0.01,-0.01,-4.76
10.240,0.00,0.00,-4.75
10.241,0.01,-0.00,-4.73
10.242,0.01,0.01,-4.74
10.247,-0.01,-0.01,-4.74
10.248,-0.01,-0.01,-4.72
10.252,-0.02,0.01,-4.72
10.268,0.00,-0.01,-4.70
10.270,-0.02,-0.01,-4.69
10.270,-0.01,-0.03,-4.68
10.271,-0.02,-0.01,-4.66
10.289,-0.02,-0.03,-4.64
10.291,-0.02,-0.00,-4.61
10.292,-0.03,-0.03,-4.60
10.293,-0.03,-0.00,-4.58
10.293,-0.02,-0.01,-4.58
10.297,-0.03,0.01,-4.56
10.301,0.02,-0.00,-4.56
10.309,-0.04,0.01,-4.55
10.309,-0.03,0.01,-4.54
10.317,0.00,0.00,-4.54
10.318,-0.01,0.00,-4.54
10.335,-0.02,0.01,-4.55
10.337,-0.02,0.00,-4.53
10.338,-0.01,-0.01,-4.53
10.339,-0.01,0.00,-4.55
10.340,-0.03,0.01,-4.54
10.350,-0.01,-0.00,-4.55
10.351,-0.03,0.02,-4.55
10.354,-0.02,0.02,-4.55
10.363,-0.00,0.01,-4.57
10.364,-0.01,0.02,-4.58
10.368,-0.03,0.01,-4.58
10.372,-0.02,0.02,-4.59
10.383,-0.03,-0.00,-4.60
10.383,-0.02,-0.00,-4.59
10.386,-0.03,0.01,-4.61
10.390,-0.04,0.01,-4.62
10.393,-0.01,0.00,-4.62
10.399,-0.01,0.01,-4.63
10.403,-0.01,0.00,-4.63
10.420,-0.02,-0.00,-4.63
10.421,-0.01,0.03,-4.62
10.422,-0.03,0.02,-4.65
10.423,-0.02,0.01,-4.65
10.424,-0.03,0.00,-4.65
10.435,-0.02,0.00,-4.65
10.438,-0.01,0.01,-4.65
10.440,-0.03,0.01,-4.65
10.444,0.00,0.01,-4.65
10.447,-0.01,0.02,-4.65
10.451,-0.01,0.01,-4.66
10.471,-0.01,0.03,-4.67
10.472,-0.03,0.01,-4.67
10.473,-0.03,0.01,-4.66
10.474,-0.02,0.02,-4.66
10.474,-0.02,0.01,-4.67
10.488,-0.01,0.02,-4.67
10.489,-0.01,0.03,-4.67
10.491,-0.02,0.01,-4.68
10.492,-0.02,0.01,-4.67
10.497,-0.02,0.02,-4.68
10.499,-0.02,0.01,-4.69
10.505,-0.03,0.01,-4.68
10.516,-0.04,0.03,-4.69
10.517,-0.02,0.03,-4.70
10.518,-0.03,0.02,-4.71
10.522,-0.03,0.03,-4.70
10.531,-0.03,0.02,-4.70
10.532,-0.03,0.02,-4.68
10.536,-0.03,0.01,-4.68
10.539,-0.01,0.01,-4.67
10.547,0.01,0.01,-4.68
10.548,-0.03,0.01,-4.68
10.554,-0.01,0.00,-4.69
10.572,-0.01,0.02,-4.69
10.573,-0.04,0.01,-4.69
10.574,-0.02,0.02,-4.70
10.575,-0.02,0.03,-4.70
10.576,0.00,0.03,-4.70
10.579,-0.03,0.02,-4.71
10.590,-0.03,0.02,-4.69
10.593,-0.02,0.03,-4.72
10.593,-0.00,0.02,-4.70
10.598,-0.01,0.02,-4.71
10.602,-0.02,0.03,-4.71
10.607,-0.02,0.01,-4.73
10.623,-0.00,0.03,-4.73
10.625,-0.02,0.02,-4.73
10.625,-0.02,0.01,-4.73
10.626,-0.01,0.00,-4.72
10.627,0.00,0.04,-4.73
10.636,-0.01,0.02,-4.74
10.637,-0.03,0.03,-4.74
10.668,-0.01,0.00,-4.75
10.669,-0.03,0.01,-4.73
10.671,-0.01,0.02,-4.73
10.672,-0.02,0.02,-4.72
10.673,-0.02,0.00,-4.72
10.677,-0.03,0.01,-4.71
10.678,-0.02,0.01,-4.71
10.678,-0.01,0.02,-4.69
10.679,-0.02,-0.00,-4.69
10.681,-0.03,0.02,-4.69
10.686,-0.04,-0.00,-4.67
10.692,-0.01,0.02,-4.66
10.694,-0.02,0.01,-4.65
10.711,-0.02,0.04,-4.65
10.712,-0.01,0.03,-4.65
10.712,-0.01,0.00,-4.64
10.713,-0.01,0.02,-4.64
10.718,-0.04,0.03,-4.63
10.721,-0.01,0.02,-4.62
10.727,-0.01,-0.01,-4.62
10.732,-0.02,0.01,-4.61
10.734,-0.02,-0.02,-4.60
10.741,-0.02,-0.00,-4.59
10.758,-0.03,0.01,-4.60
10.759,-0.04,0.01,-4.58
10.759,-0.03,0.01,-4.61
10.760,-0.05,0.03,-4.59
10.761,-0.03,0.00,-4.59
10.780,-0.03,0.01,-4.60
10.782,-0.01,0.02,-4.59
10.783,-0.03,0.01,-4.58
10.785,-0.04,0.01,-4.58
10.786,-0.06,0.01,-4.59
10.787,-0.04,0.02,-4.58
10.794,-0.04,0.00,-4.61
10.796,-0.03,0.03,-4.60
10.801,-0.04,0.03,-4.60
10.805,-0.05,0.03,-4.60
10.822,-0.04,0.05,-4.61
10.824,-0.05,0.03,-4.62
10.825,-0.05,0.05,-4.62
10.825,-0.06,0.02,-4.63
10.840,-0.06,0.04,-4.64
10.842,-0.06,0.02,-4.65
10.844,-0.05,0.02,-4.66
10.845,-0.07,0.01,-4.67
10.846,-0.10,0.02,-4.68
10.851,-0.08,0.04,-4.67
10.853,-0.08,0.04,-4.67
10.858,-0.07,0.02,-4.68
10.870,-0.08,0.06,-4.69
10.871,-0.07,0.07,-4.69
10.875,-0.02,0.04,-4.69
10.876,-0.05,0.05,-4.69
10.894,-0.04,0.07,-4.67
10.896,-0.04,0.04,-4.68
10.897,-0.04,0.05,-4.67
10.898,-0.02,0.03,-4.68
10.899,-0.04,-0.00,-4.65
10.903,-0.08,-0.00,-4.64
10.907,-0.03,0.01,-4.64
10.912,-0.06,0.01,-4.61
10.915,-0.06,0.01,-4.61
10.920,-0.04,0.02,-4.60
10.924,-0.04,0.04,-4.58
10.944,-0.05,0.09,-4.57
10.948,-0.04,0.08,-4.55
10.949,-0.03,0.10,-4.55
10.950,-0.03,0.07,-4.53
10.951,-0.01,0.09,-4.51
10.958,-0.02,0.06,-4.51
10.959,-0.03,0.04,-4.50
10.960,-0.03,0.04,-4.48
10.971,-0.03,0.00,-4.49
10.974,-0.01,0.00,-4.46
10.975,-0.01,0.01,-4.47
10.985,-0.02,0.02,-4.45
10.986,-0.02,0.05,-4.45
10.987,-0.01,0.06,-4.45
10.991,-0.01,0.06,-4.44
11.001,-0.02,0.09,-4.42
11.005,-0.03,0.07,-4.41
11.008,-0.02,0.08,-4.39
11.009,-0.03,0.04,-4.38
11.027,-0.01,0.03,-4.37
11.028,-0.02,0.04,-4.36
11.030,-0.02,0.02,-4.34
11.030,-0.02,0.00,-4.32
11.031,-0.02,0.00,-4.31
11.035,0.00,0.03,-4.32
11.039,-0.02,0.05,-4.30
11.047,0.00,0.06,-4.30
11.055,-0.01,0.07,-4.31
11.055,-0.02,0.08,-4.30
11.058,0.00,0.06,-4.33
11.063,0.00,0.08,-4.33
11.069,-0.01,0.05,-4.32
11.072,-0.01,0.02,-4.32
11.075,-0.03,-0.02,-4.30
11.088,-0.01,0.01,-4.31
11.089,-0.00,0.01,-4.31
11.089,0.00,0.02,-4.30
11.094,-0.04,0.03,-4.30
11.113,-0.02,0.06,-4.32
11.115,0.00,0.04,-4.29
11.116,-0.01,0.06,-4.31
11.117,0.00,0.06,-4.31
11.118,0.01,0.06,-4.33
11.119,-0.02,0.05,-4.33
11.124,-0.01,0.05,-4.36
11.142,-0.01,0.06,-4.36
11.143,-0.03,0.04,-4.38
11.143,0.02,0.02,-4.39
11.145,-0.01,0.03,-4.40
11.146,0.02,0.02,-4.43
11.159,0.01,0.04,-4.44
11.161,0.00,0.04,-4.46
11.162,-0.01,0.06,-4.46
11.164,-0.00,0.05,-4.48
11.178,-0.01,0.07,-4.47
11.180,0.00,0.07,-4.49
11.199,0.01,0.06,-4.49
11.200,0.03,0.06,-4.50
11.201,-0.00,0.03,-4.50
11.202,-0.01,0.04,-4.51
11.203,-0.00,0.03,-4.51
11.203,-0.01,0.04,-4.51
11.205,-0.02,0.03,-4.52
11.207,0.00,0.05,-4.53
11.213,-0.01,0.04,-4.50
11.219,-0.02,0.06,-4.52
11.229,-0.01,0.06,-4.53
11.231,-0.02,0.06,-4.53
11.236,0.00,0.06,-4.51
11.237,-0.02,0.04,-4.51
11.238,-0.01,0.03,-4.51
11.268,0.01,0.04,-4.51
11.270,-0.01,0.06,-4.51
11.273,-0.02,0.06,-4.49
11.274,-0.00,0.06,-4.47
11.275,-0.01,0.07,-4.49
11.276,-0.02,0.09,-4.47
11.277,-0.02,0.11,-4.48
11.285,-0.01,0.10,-4.47
11.286,-0.02,0.11,-4.45
11.286,-0.01,0.09,-4.45
11.291,-0.02,0.08,-4.44
11.292,-0.02,0.08,-4.44
11.305,-0.03,0.04,-4.43
11.306,-0.03,0.07,-4.43
11.307,-0.02,0.07,-4.43
11.310,-0.01,0.06,-4.42
11.329,-0.02,0.05,-4.42
11.331,-0.01,0.05,-4.41
11.332,-0.01,0.04,-4.42
11.332,-0.01,0.03,-4.41
11.333,-0.01,0.04,-4.42
11.335,-0.02,0.02,-4.41
11.341,-0.02,0.03,-4.41
11.344,-0.01,0.04,-4.42
11.348,-0.01,0.07,-4.41
11.353,-0.03,0.06,-4.41
11.358,-0.03,0.08,-4.41
11.377,-0.03,0.07,-4.41
11.379,-0.02,0.09,-4.40
11.380,0.00,0.08,-4.42
11.380,-0.04,0.08,-4.41
11.381,0.01,0.05,-4.42
11.395,-0.01,0.06,-4.41
11.395,-0.01,0.07,-4.41
11.397,0.02,0.06,-4.41
11.398,-0.02,0.04,-4.42
11.418,0.02,0.03,-4.42
11.419,-0.00,0.03,-4.42
11.420,0.01,0.04,-4.43
11.421,0.01,0.05,-4.43
11.422,0.01,0.04,-4.43
11.424,0.01,0.07,-4.45
11.429,0.02,0.06,-4.44
11.435,0.01,0.08,-4.44
11.437,0.00,0.08,-4.46
11.442,0.00,0.08,-4.47
11.449,0.00,0.08,-4.48
11.454,0.01,0.05,-4.49
11.455,0.00,0.04,-4.49
11.461,0.01,0.04,-4.50
11.475,0.01,0.06,-4.51
11.479,0.01,0.03,-4.52
11.481,-0.01,0.06,-4.52
11.482,0.02,0.05,-4.53
11.483,0.02,0.04,-4.52
11.498,0.02,0.06,-4.54
11.512,0.00,0.05,-4.55
11.513,0.01,0.06,-4.55
11.514,-0.00,0.06,-4.56
11.515,-0.00,0.05,-4.56
11.516,0.01,0.04,-4.56
11.517,-0.00,0.04,-4.57
11.518,-0.00,0.06,-4.57
11.550,0.01,0.06,-4.57
11.553,-0.01,0.07,-4.59
11.553,0.00,0.04,-4.58
11.554,0.01,0.04,-4.58
11.555,0.02,0.05,-4.58
11.556,-0.01,0.05,-4.59
11.556,-0.01,0.04,-4.59
11.557,0.00,0.04,-4.59
11.558,-0.01,0.05,-4.59
11.562,0.00,0.03,-4.58
11.568,-0.03,0.02,-4.59
11.570,0.00,0.04,-4.60
11.578,-0.01,0.05,-4.58
11.579,0.02,0.07,-4.58
11.592,0.00,0.05,-4.58
11.593,-0.01,0.06,-4.58
11.595,0.01,0.07,-4.58
11.597,-0.00,0.07,-4.57
11.614,-0.03,0.07,-4.58
11.615,-0.01,0.05,-4.56
11.616,-0.00,0.05,-4.56
11.618,-0.01,0.03,-4.55
11.619,-0.01,0.05,-4.55
11.623,-0.01,0.05,-4.55
11.626,-0.03,0.05,-4.54
11.638,-0.01,0.06,-4.52
11.639,-0.03,0.07,-4.51
11.640,-0.03,0.07,-4.50
11.647,-0.06,0.08,-4.48
11.658,-0.02,0.11,-4.50
11.660,-0.03,0.12,-4.47
11.663,-0.01,0.12,-4.47
11.663,-0.02,0.10,-4.45
11.683,-0.01,0.08,-4.46
11.685,0.02,0.03,-4.45
11.685,0.01,0.02,-4.44
11.686,0.00,0.02,-4.44
11.686,-0.01,0.00,-4.44
11.688,-0.00,0.01,-4.43
11.695,-0.01,0.01,-4.43
11.701,0.01,0.04,-4.44
11.702,-0.01,0.07,-4.44
11.707,-0.01,0.08,-4.43
11.712,-0.00,0.06,-4.44
11.731,-0.01,0.07,-4.44
11.732,0.00,0.09,-4.44
11.733,0.03,0.05,-4.43
11.734,0.00,0.05,-4.44
11.735,-0.01,0.04,-4.45
11.738,0.00,0.04,-4.43
11.742,0.01,0.04,-4.44
11.748,0.00,0.03,-4.44
11.755,0.01,0.04,-4.44
11.756,0.01,0.05,-4.44
11.760,-0.01,0.06,-4.42
11.766,0.00,0.06,-4.43
11.775,0.02,0.08,-4.43
11.775,0.02,0.07,-4.43
11.780,0.01,0.06,-4.42
11.782,0.03,0.06,-4.42
11.797,0.02,0.05,-4.41
11.799,0.02,0.03,-4.42
11.800,0.02,0.03,-4.40
11.800,0.04,0.04,-4.41
11.804,0.02,0.04,-4.41
11.808,0.04,0.06,-4.40
11.813,-0.00,0.06,-4.41
11.825,0.01,0.04,-4.38
11.826,0.01,0.05,-4.40
11.827,0.02,0.08,-4.40
11.833,0.01,0.06,-4.40
11.849,0.02,0.05,-4.41
11.850,0.02,0.04,-4.39
11.851,0.02,0.05,-4.39
11.852,0.02,0.04,-4.40
11.853,0.02,0.05,-4.40
11.857,0.03,0.04,-4.40
11.861,0.04,0.06,-4.40
11.866,0.05,0.05,-4.39
11.884,0.08,0.04,-4.39
11.885,0.01,0.08,-4.39
11.885,0.04,0.08,-4.41
11.886,0.02,0.07,-4.41
11.888,0.04,0.07,-4.39
11.892,0.03,0.07,-4.39
11.896,0.03,0.05,-4.40
11.902,0.04,0.07,-4.39
11.906,0.05,0.08,-4.38
11.910,0.03,0.07,-4.37
11.915,0.03,0.06,-4.37
11.934,0.04,0.06,-4.38
11.936,0.06,0.07,-4.37
11.936,0.03,0.06,-4.39
11.942,0.04,0.07,-4.38
11.943,0.02,0.05,-4.39
11.944,0.02,0.07,-4.39
11.945,0.02,0.06,-4.39
11.953,0.05,0.05,-4.40
11.954,0.02,0.06,-4.41
11.960,0.02,0.06,-4.42
11.963,0.02,0.05,-4.42
11.977,0.02,0.04,-4.41
11.982,0.01,0.05,-4.42
11.983,0.02,0.05,-4.43
11.984,0.01,0.06,-4.43
11.997,0.01,0.08,-4.44
11.999,0.02,0.05,-4.41
12.000,0.03,0.06,-4.44
12.001,0.02,0.06,-4.42
12.012,0.02,0.07,-4.45
12.013,-0.01,0.08,-4.45
12.020,0.03,0.04,-4.46
12.021,0.02,0.06,-4.46
12.022,0.02,0.04,-4.45
12.035,0.01,0.05,-4.46
12.036,0.01,0.05,-4.48
12.036,0.01,0.04,-4.48
12.038,0.01,0.05,-4.47
12.043,0.01,0.07,-4.48
12.048,-0.01,0.06,-4.47
12.053,0.03,0.06,-4.46
12.058,0.01,0.09,-4.48
12.060,0.02,0.08,-4.47
12.066,0.01,0.04,-4.46
12.088,0.03,0.05,-4.47
12.089,0.01,0.07,-4.47
12.091,0.01,0.05,-4.46
12.092,0.00,0.05,-4.46
12.092,0.02,0.04,-4.47
12.093,0.02,0.04,-4.46
12.095,0.01,0.05,-4.46
12.100,0.00,0.05,-4.45
12.109,-0.02,0.07,-4.46
12.113,0.05,0.05,-4.45
12.114,0.00,0.04,-4.44
12.119,0.02,0.04,-4.46
12.144,0.02,0.06,-4.45
12.147,0.02,0.05,-4.44
12.148,-0.00,0.06,-4.45
12.149,0.02,0.06,-4.45
12.150,0.01,0.06,-4.45
12.150,0.02,0.05,-4.45
12.152,0.01,0.06,-4.44
12.156,0.02,0.05,-4.44
12.158,0.02,0.05,-4.45
12.162,0.04,0.04,-4.45
12.167,0.02,0.05,-4.43
12.173,0.03,0.05,-4.45
12.175,0.02,0.06,-4.43
12.180,0.04,0.05,-4.44
12.203,0.01,0.07,-4.44
12.204,0.01,0.04,-4.42
12.206,0.01,0.04,-4.43
12.206,0.02,0.06,-4.42
12.207,-0.01,0.06,-4.44
12.208,0.03,0.05,-4.42
12.210,0.02,0.06,-4.42
12.215,0.02,0.06,-4.42
12.221,0.01,0.05,-4.41
12.224,0.03,0.04,-4.43
12.228,0.02,0.05,-4.42
12.233,0.05,0.05,-4.42
12.238,0.00,0.06,-4.41
12.242,0.04,0.04,-4.40
12.246,0.03,0.04,-4.40
12.250,0.02,0.03,-4.40
12.261,0.03,0.04,-4.39
12.262,0.02,0.05,-4.42
12.268,0.04,0.04,-4.41
12.271,0.02,0.05,-4.38
12.272,-0.00,0.05,-4.38
12.287,0.03,0.04,-4.38
12.288,0.01,0.04,-4.40
12.289,0.02,0.06,-4.37
12.291,0.01,0.05,-4.37
12.295,0.02,0.04,-4.38
12.298,0.01,0.04,-4.39
12.321,0.04,0.05,-4.37
12.322,0.00,0.06,-4.36
12.323,0.04,0.05,-4.36
12.324,0.02,0.05,-4.37
12.328,0.01,0.05,-4.36
12.329,0.03,0.05,-4.35
12.332,0.01,0.04,-4.37
12.333,0.02,0.04,-4.36
12.339,0.02,0.03,-4.34
12.343,0.02,0.04,-4.36
12.348,0.01,0.04,-4.35
12.351,0.03,0.07,-4.35
12.370,0.02,0.05,-4.36
12.372,0.04,0.04,-4.36
12.372,0.02,0.05,-4.37
12.373,0.02,0.06,-4.37
12.386,0.05,0.04,-4.36
12.388,0.03,0.06,-4.36
12.390,0.01,0.04,-4.37
12.391,0.01,0.08,-4.38
12.392,0.03,0.06,-4.38
12.402,0.03,0.04,-4.38
12.403,0.03,0.06,-4.39
12.415,0.03,0.07,-4.40
12.416,0.03,0.07,-4.40
12.416,0.02,0.05,-4.39
12.431,0.04,0.05,-4.40
12.434,0.04,0.04,-4.40
12.435,0.03,0.05,-4.41
12.436,0.01,0.05,-4.41
12.437,0.03,0.07,-4.41
12.442,0.03,0.06,-4.40
12.444,0.05,0.07,-4.42
12.449,0.03,0.08,-4.42
12.475,0.03,0.07,-4.41
12.477,0.01,0.06,-4.42
12.482,0.04,0.03,-4.42
12.483,0.05,0.04,-4.43
12.484,0.05,0.05,-4.43
12.485,0.03,0.02,-4.45
12.485,0.03,0.03,-4.43
12.486,0.04,0.04,-4.43
12.490,0.04,0.06,-4.44
12.493,0.05,0.06,-4.44
12.498,0.02,0.06,-4.44
12.503,0.05,0.07,-4.45
12.518,0.03,0.08,-4.45
12.522,0.04,0.04,-4.45
12.522,0.03,0.06,-4.43
12.523,0.02,0.05,-4.41
12.525,0.03,0.05,-4.41
12.538,0.05,0.04,-4.39
12.540,0.06,0.06,-4.40
12.540,0.04,0.06,-4.41
12.543,0.07,0.06,-4.38
12.546,0.06,0.07,-4.40
12.551,0.04,0.07,-4.40
12.573,0.04,0.08,-4.39
12.574,0.05,0.06,-4.38
12.576,0.04,0.07,-4.39
12.577,0.05,0.06,-4.38
12.581,0.03,0.05,-4.37
12.582,0.04,0.05,-4.35
12.584,0.05,0.05,-4.36
12.586,0.06,0.04,-4.38
12.592,0.03,0.04,-4.37
12.596,0.03,0.03,-4.38
12.599,0.04,0.07,-4.38
12.614,0.04,0.05,-4.37
12.615,0.03,0.06,-4.39
12.619,0.03,0.05,-4.39
12.621,0.05,0.06,-4.37
12.622,0.04,0.06,-4.38
12.640,0.03,0.06,-4.39
12.641,0.02,0.04,-4.40
12.642,0.05,0.04,-4.40
12.643,0.04,0.02,-4.41
12.644,0.03,0.04,-4.42
12.649,0.04,0.04,-4.42
12.653,0.04,0.05,-4.42
12.671,0.02,0.05,-4.43
12.672,0.05,0.05,-4.45
12.672,0.05,0.05,-4.44
12.673,0.04,0.05,-4.47
12.674,0.01,0.06,-4.47
12.689,0.04,0.04,-4.46
12.691,0.05,0.06,-4.48
12.692,0.04,0.02,-4.48
12.694,0.06,0.03,-4.48
12.697,0.03,0.04,-4.47
12.704,0.05,0.04,-4.49
12.705,0.03,0.05,-4.48
12.723,0.03,0.05,-4.48
12.725,0.04,0.06,-4.48
12.725,0.05,0.05,-4.49
12.726,0.04,0.05,-4.50
12.728,0.05,0.05,-4.48
12.733,0.04,0.04,-4.48
12.737,0.04,0.05,-4.48
12.743,0.05,0.04,-4.50
12.745,0.04,0.04,-4.48
12.750,0.04,0.04,-4.48
12.773,0.04,0.04,-4.47
12.774,0.04,0.04,-4.48
12.775,0.04,0.03,-4.47
12.776,0.04,0.03,-4.46
12.777,0.05,0.02,-4.46
12.778,0.06,0.04,-4.46
12.781,0.05,0.04,-4.45
12.786,0.03,0.03,-4.46
12.793,0.04,0.03,-4.45
12.795,0.05,0.04,-4.45
12.799,0.03,0.02,-4.46
12.803,0.04,0.04,-4.45
12.823,0.06,0.03,-4.46
12.824,0.03,0.00,-4.45
12.830,0.04,0.03,-4.45
12.831,0.04,0.02,-4.45
12.832,0.03,0.02,-4.46
12.832,0.05,0.03,-4.45
12.836,0.04,0.02,-4.47
12.838,0.03,0.04,-4.46
12.844,0.03,0.01,-4.44
12.847,0.03,0.03,-4.45
12.851,0.05,0.03,-4.45
12.856,0.04,0.05,-4.44
12.875,0.05,0.03,-4.43
12.876,0.04,0.03,-4.43
12.878,0.05,0.02,-4.45
12.878,0.05,0.04,-4.45
12.879,0.03,0.03,-4.44
12.887,0.04,0.02,-4.43
12.888,0.04,0.04,-4.44
12.893,0.00,0.04,-4.42
12.898,0.03,0.02,-4.43
12.900,0.04,0.03,-4.41
12.905,0.04,0.03,-4.42
12.924,0.02,0.06,-4.40
12.925,0.03,0.04,-4.39
12.926,0.03,0.04,-4.40
12.926,0.04,0.03,-4.38
12.927,0.02,0.03,-4.40
12.932,0.03,0.03,-4.40
12.935,0.03,0.02,-4.39
12.940,0.06,0.01,-4.38
12.945,0.04,0.02,-4.37
12.949,0.03,0.02,-4.40
12.953,0.05,0.03,-4.40
12.958,0.05,0.02,-4.39
12.962,0.02,0.01,-4.37
12.982,0.03,0.04,-4.39
12.985,0.03,0.03,-4.40
12.986,0.03,0.04,-4.40
12.987,0.05,0.00,-4.41
12.988,0.04,0.02,-4.42
12.989,0.04,0.02,-4.42
12.993,0.05,0.02,-4.44
13.003,0.05,0.01,-4.44
13.007,0.04,0.02,-4.45
13.008,0.05,0.03,-4.45
13.024,0.02,0.04,-4.47
13.026,0.06,0.01,-4.46
13.026,0.04,0.04,-4.45
13.028,0.02,-0.01,-4.46
13.029,0.02,0.02,-4.45
13.032,0.04,0.02,-4.46
13.037,0.05,0.02,-4.46
13.052,0.01,0.04,-4.46
13.053,0.02,0.02,-4.44
13.057,0.05,0.02,-4.45
13.058,0.04,0.03,-4.44
13.060,0.04,0.04,-4.44
13.077,0.08,0.02,-4.43
13.078,0.05,0.03,-4.42
13.078,0.02,0.04,-4.42
13.079,0.04,0.02,-4.40
13.081,0.05,0.02,-4.40
13.090,0.04,0.02,-4.39
13.093,0.04,0.03,-4.38
13.112,0.05,0.01,-4.37
13.114,0.05,0.01,-4.36
13.115,0.05,0.01,-4.36
13.116,0.04,0.01,-4.36
13.117,0.05,0.01,-4.35
13.119,0.05,0.03,-4.35
13.122,0.05,0.04,-4.33
13.126,0.05,0.02,-4.32
13.130,0.04,0.02,-4.32
13.135,0.03,0.04,-4.31
13.140,0.04,0.02,-4.32
13.152,0.03,0.02,-4.31
13.156,0.06,0.03,-4.31
13.162,0.03,0.04,-4.30
13.163,0.04,0.02,-4.31
13.164,0.04,0.01,-4.29
13.178,0.05,0.03,-4.29
13.179,0.05,0.01,-4.30
13.180,0.06,0.01,-4.30
13.181,0.04,0.03,-4.28
13.183,0.04,0.04,-4.29
13.187,0.07,0.02,-4.28
13.192,0.05,0.01,-4.28
13.203,0.02,0.04,-4.29
13.205,0.04,0.02,-4.29
13.205,0.05,0.02,-4.28
13.210,0.05,0.01,-4.27
13.216,0.06,0.02,-4.29
13.218,0.06,0.02,-4.28
13.233,0.03,0.04,-4.30
13.234,0.05,0.03,-4.28
13.235,0.05,0.02,-4.28
13.236,0.04,0.02,-4.28
13.241,0.05,0.01,-4.30
13.273,0.09,0.04,-4.30
13.275,0.06,0.05,-4.28
13.276,0.06,0.04,-4.28
13.286,0.02,0.03,-4.29
13.289,0.04,0.03,-4.28
13.290,0.05,0.02,-4.29
13.293,0.02,0.03,-4.30
13.295,0.04,0.03,-4.29
13.295,0.05,0.02,-4.30
13.296,0.05,0.03,-4.32
13.298,0.03,0.03,-4.32
13.300,0.04,0.02,-4.34
13.301,0.04,0.03,-4.34
13.304,0.05,0.05,-4.35
13.309,0.04,0.02,-4.35
13.312,0.03,0.02,-4.36
13.315,0.05,0.04,-4.38
13.324,0.03,0.02,-4.38
13.325,0.04,0.03,-4.37
13.333,0.05,0.02,-4.38
13.334,0.03,0.04,-4.38
13.341,0.01,0.05,-4.37
13.343,0.02,0.04,-4.35
13.346,0.03,0.03,-4.34
13.359,0.01,0.05,-4.32
13.363,0.03,0.04,-4.31
13.364,0.01,0.02,-4.28
13.365,0.00,0.04,-4.28
13.368,-0.01,0.03,-4.28
13.379,0.01,-0.01,-4.25
13.382,-0.02,0.01,-4.26
13.382,0.01,0.01,-4.25
13.387,-0.02,-0.00,-4.24
13.398,-0.02,0.03,-4.23
13.400,0.00,0.05,-4.23
13.402,-0.02,0.04,-4.22
13.404,-0.00,0.06,-4.17
13.411,-0.04,0.07,-4.14
13.429,-0.03,0.03,-4.10
13.432,-0.00,0.04,-4.05
13.433,-0.05,0.04,-4.00
13.433,-0.02,0.03,-3.98
13.435,0.02,0.03,-3.92
13.436,-0.03,0.02,-3.88
13.440,-0.01,0.04,-3.83
13.444,-0.01,0.01,-3.79
13.461,0.01,0.02,-3.72
13.462,0.00,0.01,-3.71
13.463,-0.01,0.03,-3.66
13.463,0.00,0.01,-3.61
13.466,0.01,0.06,-3.56
13.479,-0.01,0.09,-3.53
13.481,-0.02,0.05,-3.48
13.481,0.01,0.06,-3.41
13.483,-0.01,0.05,-3.36
13.488,-0.01,0.01,-3.32
13.492,0.02,0.04,-3.26
13.512,0.01,0.03,-3.22
13.514,0.00,0.05,-3.18
13.514,0.01,0.03,-3.12
13.515,-0.01,0.05,-3.08
13.517,0.02,0.10,-3.02
13.518,0.02,0.09,-2.98
13.523,-0.00,0.09,-2.94
13.528,0.02,0.09,-2.88
13.532,0.01,0.06,-2.83
13.536,0.03,0.04,-2.77
13.541,0.02,0.01,-2.74
13.545,0.02,0.00,-2.70
13.564,0.05,0.01,-2.67
13.565,0.05,-0.01,-2.63
13.566,0.04,-0.01,-2.62
13.568,0.05,0.00,-2.58
13.569,0.01,0.03,-2.56
13.572,0.04,0.03,-2.56
13.578,0.04,0.03,-2.54
13.587,0.02,0.04,-2.56
13.589,0.04,0.04,-2.56
13.592,0.03,0.05,-2.55
13.596,0.03,0.01,-2.54
13.599,0.05,0.05,-2.55
13.614,0.04,0.01,-2.57
13.617,0.05,0.02,-2.58
13.618,0.05,0.02,-2.59
13.621,0.07,0.02,-2.61
13.622,0.05,0.03,-2.64
13.625,0.04,0.02,-2.65
13.638,0.03,0.05,-2.67
13.639,0.03,0.03,-2.69
13.640,0.00,0.01,-2.71
13.642,0.02,0.03,-2.73
13.648,0.02,-0.01,-2.76
13.651,0.02,0.01,-2.76
13.670,0.04,-0.00,-2.78
13.671,0.02,0.02,-2.78
13.672,0.01,0.02,-2.78
13.673,0.02,0.04,-2.77
13.674,0.01,0.07,-2.78
13.679,0.01,0.06,-2.78
13.688,0.02,0.05,-2.78
13.690,0.02,0.02,-2.75
13.693,0.01,-0.02,-2.73
13.717,0.02,-0.05,-2.70
13.724,0.00,-0.07,-2.67
13.725,0.00,-0.09,-2.64
13.726,0.02,-0.05,-2.58
13.727,-0.01,0.01,-2.53
13.728,-0.00,0.06,-2.46
13.729,0.00,0.12,-2.40
13.730,0.01,0.16,-2.32
13.731,-0.02,0.16,-2.25
13.736,0.00,0.12,-2.18
13.740,0.01,0.10,-2.09
13.746,0.02,0.04,-2.00
13.763,0.02,-0.01,-1.92
13.764,0.01,-0.04,-1.82
13.765,0.02,-0.11,-1.73
13.766,0.02,-0.10,-1.64
13.767,0.01,-0.08,-1.56
13.770,-0.00,-0.02,-1.48
13.775,0.00,0.04,-1.41
13.780,-0.01,0.08,-1.35
13.784,0.01,0.10,-1.25
13.788,-0.00,0.11,-1.19
13.793,-0.03,0.08,-1.10
13.807,-0.00,0.03,-1.04
13.808,0.02,0.01,-0.94
13.808,0.02,-0.04,-0.89
13.812,0.00,-0.07,-0.81
13.815,0.04,-0.11,-0.72
13.819,0.03,-0.08,-0.66
13.835,0.03,-0.08,-0.59
13.837,0.04,-0.04,-0.51
13.838,0.04,0.01,-0.45
13.839,0.04,0.02,-0.39
13.844,0.02,0.01,-0.37
13.846,0.04,-0.00,-0.34
13.866,-0.01,0.01,-0.32
13.868,0.00,0.00,-0.30
13.869,0.01,0.02,-0.29
13.870,0.00,0.01,-0.27
13.870,0.00,-0.01,-0.27
13.872,0.02,-0.02,-0.25
13.877,0.01,-0.03,-0.26
13.884,0.00,-0.05,-0.25
13.887,0.01,-0.05,-0.23
13.890,-0.01,-0.02,-0.23
13.896,0.00,-0.04,-0.23
13.909,-0.01,-0.01,-0.22
13.911,0.03,-0.02,-0.22
13.916,0.01,0.02,-0.21
13.917,0.01,0.02,-0.18
13.918,0.02,0.01,-0.21
13.938,0.02,0.01,-0.19
13.941,0.02,0.01,-0.17
13.941,0.02,-0.02,-0.16
13.943,0.02,-0.03,-0.17
13.943,0.01,-0.04,-0.16
13.944,0.02,-0.05,-0.15
13.948,0.02,-0.05,-0.16
13.952,0.01,0.00,-0.15
13.972,-0.00,0.00,-0.14
13.974,0.02,0.00,-0.14
13.975,0.01,0.01,-0.13
13.976,0.01,0.01,-0.12
13.977,0.00,0.02,-0.11
13.981,0.00,0.02,-0.10
13.986,0.03,0.01,-0.10
13.988,0.01,0.00,-0.09
14.007,0.02,-0.00,-0.11
14.009,0.03,-0.03,-0.11
14.010,0.01,-0.00,-0.12
14.011,0.01,-0.01,-0.11
14.012,0.00,-0.02,-0.12
14.014,0.01,-0.02,-0.13
14.025,0.01,0.01,-0.15
14.026,0.02,0.02,-0.14
14.029,0.01,0.02,-0.16
14.032,0.03,0.02,-0.18
14.037,0.02,0.02,-0.18
14.050,0.03,0.01,-0.19
14.055,-0.01,0.01,-0.21
14.056,0.01,-0.01,-0.22
14.056,0.00,-0.02,-0.23
14.058,0.01,-0.01,-0.24
14.063,0.00,-0.03,-0.25
14.074,0.02,-0.01,-0.26
14.077,0.00,0.00,-0.26
14.077,0.03,0.01,-0.27
14.081,-0.01,0.02,-0.28
14.105,-0.00,0.00,-0.28
14.106,-0.01,0.02,-0.31
14.108,-0.02,0.01,-0.30
14.109,-0.02,0.03,-0.31
14.109,-0.01,0.02,-0.32
14.111,0.01,0.01,-0.34
14.112,-0.01,-0.01,-0.33
14.116,-0.01,-0.01,-0.34
14.123,-0.01,0.01,-0.34
14.125,0.02,0.00,-0.35
14.129,-0.01,0.01,-0.34
14.145,0.00,0.02,-0.33
14.147,-0.01,0.01,-0.33
14.165,0.01,-0.00,-0.34
14.166,0.02,0.00,-0.34
14.166,0.01,0.00,-0.33
14.167,0.00,0.00,-0.31
14.169,0.01,-0.00,-0.31
14.169,0.01,0.01,-0.31
14.170,-0.01,0.01,-0.30
14.176,-0.01,-0.00,-0.28
14.177,0.01,0.01,-0.27
14.182,0.01,-0.01,-0.26
14.187,-0.02,-0.01,-0.25
14.195,0.03,-0.01,-0.25
14.196,-0.00,-0.03,-0.24
14.200,0.00,-0.01,-0.23
14.204,0.00,-0.02,-0.23
14.208,0.01,0.00,-0.24
14.224,0.00,-0.00,-0.22
14.225,-0.01,0.02,-0.24
14.226,-0.01,0.03,-0.24
14.227,0.01,0.02,-0.24
14.238,0.00,0.01,-0.23
14.240,0.01,-0.01,-0.25
14.240,0.00,-0.02,-0.25
14.255,-0.01,-0.01,-0.26
14.256,-0.02,-0.02,-0.26
14.257,0.01,-0.05,-0.27
14.258,0.01,-0.02,-0.29
14.262,0.02,-0.02,-0.28
14.267,-0.01,0.01,-0.28
14.270,-0.01,0.01,-0.29
14.283,-0.01,0.03,-0.28
14.285,0.00,0.02,-0.29
14.286,-0.03,0.02,-0.29
14.288,-0.01,0.01,-0.29
14.308,-0.00,0.01,-0.28
14.311,0.01,-0.00,-0.29
14.311,0.01,0.01,-0.28
14.312,-0.00,-0.01,-0.28
14.313,-0.01,0.01,-0.28
14.316,0.02,-0.01,-0.27
14.319,0.00,-0.00,-0.28
14.328,-0.00,0.00,-0.24
14.329,0.02,0.01,-0.26
14.332,0.01,0.02,-0.23
14.344,0.01,0.00,-0.22
14.350,-0.00,-0.01,-0.22
14.351,-0.03,0.01,-0.20
14.352,-0.00,-0.01,-0.19
14.372,-0.00,-0.02,-0.19
14.374,-0.00,-0.01,-0.17
14.375,0.02,-0.02,-0.16
14.376,0.00,-0.00,-0.16
14.377,0.00,-0.01,-0.15
14.378,0.02,-0.00,-0.13
14.381,0.00,-0.01,-0.14
14.385,0.01,0.00,-0.12
14.405,0.01,0.02,-0.12
14.406,0.00,-0.00,-0.12
14.407,-0.01,0.01,-0.12
14.408,0.00,-0.02,-0.12
14.409,0.01,-0.01,-0.13
14.412,-0.00,-0.01,-0.11
14.417,0.00,-0.02,-0.10
14.421,-0.00,-0.02,-0.11
14.425,-0.01,-0.00,-0.11
14.429,0.01,0.01,-0.11
14.456,-0.01,-0.00,-0.10
14.457,-0.03,0.01,-0.13
14.458,0.02,0.01,-0.10
14.459,-0.02,0.00,-0.09
14.459,-0.00,0.01,-0.10
14.460,0.01,-0.01,-0.10
14.464,0.00,-0.03,-0.10
14.465,0.00,-0.03,-0.09
14.470,0.02,-0.01,-0.08
14.473,0.04,-0.00,-0.08
14.479,0.01,-0.02,-0.08
14.484,0.02,-0.01,-0.07
14.504,0.03,-0.00,-0.08
14.508,0.03,0.01,-0.07
14.509,0.05,-0.00,-0.07
14.511,0.03,0.01,-0.06
14.512,0.03,-0.00,-0.06
14.513,0.02,-0.00,-0.04
14.514,0.05,-0.02,-0.02
14.518,0.02,-0.03,-0.05
14.525,0.02,-0.01,-0.03
14.528,0.03,-0.04,-0.03
14.531,0.02,-0.04,-0.01
14.536,0.01,-0.02,-0.01
14.550,0.04,-0.02,-0.00
14.551,0.01,0.02,0.01
14.575,0.04,-0.00,0.01
14.577,0.04,0.00,0.03
14.578,0.02,0.01,0.02
14.578,0.02,0.01,0.02
14.580,0.03,-0.01,0.04
14.580,0.02,0.00,0.03
14.581,0.01,-0.01,0.04
14.582,0.03,0.00,0.04
14.590,0.04,-0.02,0.04
14.591,0.02,-0.03,0.04
14.593,0.03,-0.01,0.05
14.614,0.03,-0.02,0.04
14.617,0.02,-0.02,0.04
14.618,0.01,-0.02,0.03
14.619,0.00,-0.01,0.05
14.620,0.03,0.01,0.03
14.621,-0.01,-0.01,0.03
14.626,0.01,-0.01,0.04
14.629,0.01,0.01,0.02
14.634,0.01,-0.00,0.03
14.640,0.02,0.01,0.01
14.642,0.01,0.02,0.01
14.647,0.01,0.01,0.00
14.653,-0.00,0.02,0.02
14.655,0.01,-0.00,-0.01
14.673,-0.01,0.01,0.00
14.674,-0.00,-0.01,-0.01
14.675,0.01,0.00,-0.01
14.685,-0.00,-0.01,-0.02
14.686,-0.01,-0.00,-0.02
14.687,-0.01,-0.01,-0.02
14.706,-0.01,0.01,-0.02
14.707,-0.01,0.01,-0.02
14.708,0.00,0.01,-0.01
14.709,0.00,-0.02,-0.01
14.709,0.01,0.01,-0.01
14.710,-0.03,0.01,-0.03
14.712,-0.02,0.02,0.00
14.717,-0.02,0.00,-0.00
14.727,-0.02,0.02,0.01
14.728,-0.00,-0.00,-0.01
14.730,-0.01,0.01,-0.00
14.736,-0.01,-0.01,0.00
14.753,-0.02,0.01,0.00
14.754,-0.02,-0.00,-0.00
14.755,-0.02,0.01,-0.01
14.756,-0.02,0.01,0.00
14.757,-0.02,0.01,-0.00
14.774,-0.03,-0.00,-0.01
14.775,-0.01,0.01,-0.02
14.776,-0.02,0.01,-0.03
14.777,-0.00,0.00,-0.03
14.782,-0.02,-0.00,-0.03
14.783,-0.03,0.01,-0.05
14.788,0.01,-0.01,-0.05
14.806,-0.01,-0.01,-0.06
14.807,-0.01,0.01,-0.05
14.808,-0.03,-0.01,-0.05
14.808,-0.02,0.01,-0.06
14.810,-0.00,-0.01,-0.05
14.814,0.00,0.01,-0.06
14.818,0.01,0.01,-0.07
14.824,-0.02,0.02,-0.05
14.827,-0.02,0.01,-0.06
14.831,-0.03,0.00,-0.06
14.836,-0.00,0.00,-0.06
14.849,-0.01,0.00,-0.06
14.851,-0.03,0.00,-0.07
14.853,-0.03,0.01,-0.04
14.855,-0.03,0.01,-0.04
14.862,-0.03,0.01,-0.05
14.863,-0.01,0.01,-0.04
14.867,-0.02,0.02,-0.03
14.877,-0.01,0.01,-0.00
14.879,-0.01,0.02,-0.01
14.880,-0.02,0.02,0.01
14.887,-0.02,0.02,0.02
14.903,0.00,0.00,0.01
14.907,-0.01,-0.00,0.03
14.908,0.00,-0.02,0.04
14.908,0.00,-0.02,0.06
14.909,-0.00,0.01,0.04
14.912,0.00,-0.01,0.06
14.916,-0.01,0.00,0.08
14.928,-0.01,0.01,0.08
14.931,0.00,0.01,0.09
14.931,0.01,0.00,0.09
14.933,0.01,0.01,0.10
14.938,-0.01,0.01,0.09
14.956,0.01,-0.01,0.09
14.958,-0.04,-0.00,0.09
14.958,-0.02,-0.00,0.12
14.960,0.01,0.01,0.12
14.960,-0.00,-0.00,0.12
14.965,-0.02,0.01,0.12
14.968,0.02,0.00,0.13
14.977,-0.02,-0.01,0.13
14.979,-0.01,-0.01,0.12
14.984,-0.02,-0.01,0.14
14.986,-0.00,-0.02,0.12
15.006,0.02,0.00,0.13
15.008,0.01,-0.01,0.13
15.008,-0.01,-0.00,0.14
15.009,-0.03,-0.01,0.12
15.012,-0.02,-0.01,0.12
15.014,0.01,-0.00,0.12
15.027,-0.00,0.00,0.12
15.028,0.01,-0.00,0.14
15.040,-0.02,-0.00,0.13
15.041,0.00,0.01,0.13
15.043,-0.02,-0.01,0.13
15.044,-0.03,-0.01,0.15
15.046,-0.03,-0.02,0.14
15.049,-0.01,-0.04,0.14
15.066,-0.01,-0.01,0.16
15.067,0.00,-0.01,0.15
15.068,0.01,-0.01,0.16
15.069,-0.00,-0.01,0.16
15.071,0.00,-0.01,0.14
15.081,0.01,-0.01,0.17
15.082,0.01,-0.00,0.15
15.083,-0.02,-0.00,0.14
15.098,0.00,-0.02,0.15
15.099,-0.01,-0.02,0.15
15.100,0.01,-0.01,0.15
15.104,-0.01,-0.01,0.14
15.128,-0.01,-0.01,0.14
15.129,0.01,-0.01,0.13
15.130,-0.00,-0.01,0.11
15.131,0.02,-0.03,0.11
15.131,0.01,-0.00,0.10
15.132,-0.02,0.00,0.08
15.139,-0.00,-0.00,0.08
15.142,0.01,0.00,0.05
15.143,-0.00,0.01,0.05
15.177,0.01,0.00,0.04
15.178,-0.00,-0.01,0.02
15.178,-0.02,-0.00,0.01
15.179,0.01,0.01,-0.02
15.180,-0.00,0.00,-0.02
15.181,-0.00,-0.00,-0.03
15.186,-0.01,0.01,-0.05
15.187,0.00,0.01,-0.05
15.191,0.02,0.01,-0.04
15.192,-0.01,0.02,-0.05
15.192,-0.02,-0.01,-0.06
15.195,-0.02,0.00,-0.06
15.198,-0.02,-0.00,-0.05
15.205,-0.02,0.01,-0.06
15.208,-0.00,-0.00,-0.05
15.227,-0.02,-0.02,-0.06
15.228,-0.01,-0.00,-0.05
15.229,-0.00,0.01,-0.06
15.230,-0.02,-0.02,-0.04
15.232,0.01,-0.02,-0.04
15.234,-0.01,-0.01,-0.03
15.239,0.01,0.01,-0.03
15.252,-0.03,-0.01,-0.04
15.253,0.00,0.01,-0.02
15.253,-0.01,0.01,-0.03
15.259,-0.01,0.00,-0.01
15.260,0.01,0.01,-0.00
15.265,-0.02,-0.00,-0.02
15.269,-0.01,0.00,-0.02
15.289,0.02,0.00,0.00
15.291,-0.01,-0.01,0.00
15.291,0.00,-0.00,-0.02
15.292,0.01,0.00,-0.01
15.293,0.01,0.01,-0.00
15.308,0.01,-0.00,0.00
15.309,-0.00,-0.00,-0.00
15.310,0.01,0.01,-0.00
15.311,0.00,0.00,-0.01
15.313,0.01,0.01,0.01
15.319,-0.01,-0.01,0.01
15.322,-0.00,-0.01,-0.01
15.358,-0.01,-0.01,-0.02
15.361,0.00,-0.01,-0.01
15.362,0.01,0.01,-0.01
15.363,-0.01,0.01,-0.02
15.363,0.02,0.01,0.00
15.365,-0.00,0.00,0.00
15.366,-0.00,0.01,-0.00
15.367,-0.02,0.02,-0.01
15.370,0.01,0.01,-0.02
15.371,-0.00,0.01,-0.00
15.372,0.01,0.01,-0.00
15.376,-0.00,0.01,-0.01
15.382,0.01,0.02,0.01
15.384,-0.01,0.01,0.01
15.390,-0.01,0.01,-0.00
15.393,-0.01,0.01,0.00
15.421,0.00,0.00,0.00
15.422,0.00,0.01,0.01
15.423,0.01,0.01,0.00
15.428,0.01,0.00,0.01
15.429,0.01,0.00,-0.00
15.430,0.01,0.00,0.01
15.431,-0.01,0.01,0.01
15.432,-0.00,0.01,0.01
15.434,0.01,-0.00,0.01
15.438,-0.01,0.01,-0.01
15.443,0.01,0.02,-0.01
15.446,0.02,-0.02,0.01
15.459,0.01,-0.00,0.00
15.461,0.00,0.00,-0.00
15.462,-0.00,0.00,0.01
15.465,0.01,0.01,0.02
15.470,-0.01,0.00,0.02
15.473,0.01,0.01,0.03
15.478,0.00,0.01,0.02
15.494,0.00,0.02,0.02
15.496,-0.00,0.02,0.02
15.497,-0.01,0.01,0.02
15.498,-0.00,0.01,0.04
15.499,0.01,0.00,0.02
15.504,-0.00,-0.01,0.02
15.508,0.01,-0.01,0.03
15.516,-0.00,-0.01,0.03
15.519,0.01,-0.01,0.03
15.522,0.02,0.00,0.04
15.526,-0.03,-0.01,0.03
15.548,0.01,-0.01,0.01
15.549,-0.03,0.01,0.03
15.550,-0.01,0.01,0.01
15.550,0.02,-0.01,0.04
15.551,-0.01,0.01,0.02
15.552,0.00,0.01,0.03
15.558,0.01,0.00,0.01
15.566,0.00,0.01,0.02
15.568,-0.00,0.00,0.01
15.569,-0.00,0.00,0.02
15.576,-0.01,-0.01,0.04
15.600,-0.00,-0.00,0.04
15.602,-0.03,-0.02,0.04
15.602,-0.01,0.00,0.03
15.603,0.01,0.01,0.02
15.604,-0.01,0.01,0.03
15.605,-0.01,-0.00,0.05
15.611,-0.01,-0.00,0.03
15.612,-0.01,-0.01,0.03
15.614,0.01,-0.00,0.05
15.621,0.03,0.01,0.05
15.626,-0.01,-0.00,0.05
15.627,0.02,0.02,0.05
15.649,-0.00,-0.00,0.04
15.650,0.01,-0.00,0.05
15.651,0.01,0.01,0.06
15.651,-0.00,-0.02,0.05
15.652,0.00,-0.00,0.06
15.655,-0.00,-0.00,0.05
15.658,0.01,-0.01,0.05
15.665,0.01,0.01,0.05
15.667,0.01,0.00,0.06
15.672,-0.00,0.01,0.06
15.676,-0.02,0.02,0.06
15.698,-0.01,0.00,0.07
15.699,-0.00,-0.00,0.07
15.699,0.00,0.01,0.07
15.701,-0.00,0.00,0.07
15.702,-0.02,0.01,0.06
15.703,-0.00,-0.00,0.09
15.708,-0.02,-0.01,0.08
15.714,0.01,0.00,0.07
15.716,0.00,-0.01,0.07
15.720,0.02,0.01,0.07
15.728,-0.01,0.03,0.06
15.747,-0.01,0.01,0.05
15.748,-0.02,-0.00,0.07
15.749,0.01,0.01,0.06
15.750,0.01,-0.00,0.06
15.751,-0.02,0.02,0.05
15.751,0.00,0.03,0.06
15.756,0.00,-0.01,0.06
15.761,0.00,0.00,0.06
15.766,-0.01,-0.00,0.05
15.769,-0.00,-0.00,0.06
15.773,0.00,-0.03,0.06
15.779,-0.00,-0.01,0.07
15.805,0.01,0.01,0.05
15.807,-0.00,-0.00,0.05
15.809,0.01,0.01,0.06
15.809,-0.00,-0.01,0.05
15.810,-0.02,0.01,0.05
15.811,0.02,-0.01,0.05
15.812,0.00,0.00,0.05
15.814,-0.01,-0.00,0.05
15.818,0.02,-0.01,0.05
15.822,-0.02,0.00,0.03
15.828,0.01,-0.01,0.04
15.831,-0.01,-0.03,0.04
15.849,-0.02,0.02,0.02
15.850,-0.01,0.01,0.02
15.851,0.01,0.01,0.02
15.852,0.00,-0.00,0.02
15.853,0.01,-0.01,0.02
15.859,0.01,-0.00,0.01
15.862,-0.01,0.01,0.01
15.874,-0.01,-0.01,0.00
15.880,-0.01,-0.02,-0.00
15.881,-0.01,-0.02,0.00
15.881,-0.01,-0.00,0.01
15.885,-0.02,-0.01,0.01
15.888,-0.02,-0.01,-0.01
15.910,0.00,0.01,-0.00
15.912,-0.02,-0.01,-0.01
15.912,-0.01,0.01,-0.00
15.913,-0.01,-0.01,-0.02
15.926,-0.01,-0.01,-0.00
15.931,-0.02,-0.01,0.00
15.932,0.01,-0.01,-0.01
15.933,-0.03,-0.01,0.00
15.935,-0.02,-0.01,-0.01
15.936,0.01,-0.00,0.00
15.941,0.01,0.01,0.00
15.942,-0.03,-0.01,-0.00
15.946,-0.00,0.01,-0.00
15.951,-0.01,0.01,-0.01
15.956,-0.00,-0.01,0.00
15.959,0.00,-0.01,-0.01
15.972,-0.01,-0.00,0.00
15.975,-0.03,0.00,-0.01
15.977,0.01,-0.01,-0.01
15.986,-0.01,0.00,-0.01
15.989,-0.01,-0.01,-0.01
15.999,0.01,-0.01,-0.02
16.000,-0.02,-0.01,-0.02
16.001,0.00,0.00,-0.02
16.002,-0.01,0.01,-0.03
16.003,0.01,0.02,-0.02
16.017,0.01,0.01,-0.02
16.018,-0.02,0.02,-0.03
16.019,0.00,0.03,-0.03
16.029,0.01,-0.00,-0.03
16.030,0.00,0.00,-0.04
16.030,-0.02,0.00,-0.03
16.034,0.02,0.01,-0.03
16.038,-0.00,0.01,-0.02
16.045,-0.02,0.00,-0.03
16.058,0.02,-0.01,-0.03
16.059,0.00,-0.00,-0.01
16.060,0.00,-0.03,-0.01
16.062,0.00,-0.02,-0.01
16.065,-0.02,-0.01,-0.01
16.075,-0.01,-0.00,-0.02
16.077,-0.01,0.00,0.00
16.080,-0.00,0.01,-0.01
16.082,0.01,0.02,-0.00
16.097,0.00,0.01,0.01
16.100,-0.02,-0.00,-0.00
16.103,0.00,0.01,-0.01
16.106,0.01,-0.00,0.01
16.108,0.00,0.02,0.01
16.137,0.01,-0.01,0.01
16.138,0.00,0.01,0.01
16.139,0.01,0.01,-0.00
16.140,-0.01,0.02,-0.01
16.141,-0.01,-0.01,-0.01
16.142,-0.01,0.01,-0.01
16.142,-0.01,0.07,-0.01
16.143,-0.05,0.35,-0.01
16.147,-0.09,0.82,-0.00
16.149,-0.03,1.01,0.01
16.174,-0.04,1.10,0.02
16.175,-0.01,1.01,-0.01
16.177,0.02,0.74,0.00
16.178,-0.01,0.41,-0.01
16.178,0.02,0.03,0.00
16.180,0.04,-0.37,-0.01
16.181,0.05,-0.75,-0.01
16.189,0.05,-1.08,-0.03
16.190,0.04,-1.30,-0.03
16.195,0.04,-1.39,-0.04
16.198,0.03,-1.31,-0.05
16.203,-0.01,-1.07,-0.05
16.207,0.03,-0.76,-0.04
16.230,0.02,-0.38,-0.02
16.232,-0.02,-0.03,-0.04
16.233,0.02,0.35,-0.01
16.234,0.02,0.65,-0.03
16.234,0.01,0.81,-0.01
16.235,-0.02,0.89,-0.01
16.264,0.01,0.83,-0.02
16.266,-0.01,0.68,-0.02
16.267,0.02,0.46,-0.01
16.268,-0.01,0.26,-0.01
16.269,0.01,-0.02,-0.03
16.270,-0.01,-0.29,-0.02
16.271,0.00,-0.44,-0.01
16.272,0.01,-0.54,-0.03
16.273,0.01,-0.55,-0.03
